 "x",  "y",  "u",  "v",  "sigma",  "x_c",  "y_c",  "u_c",  "v_c",  "exx",  "eyy",  "exy",  "e1",  "e2",  "gamma"
216,607,-1.83456,97.5072,0.0636833,-21,316,-1.83456,-97.5071,0.0352142,0.0191946,-0.00362752,0.0359973,0.0184114,-0.212625
225,607,-1.84214,97.9912,0.0518659,-12,316,-1.84215,-97.9911,0.0324746,0.0177687,-0.00279368,0.0329874,0.0172559,-0.181547
243,607,-1.30104,97.9682,0.0301404,6,316,-1.30104,-97.9682,0.027354,0.0150245,-0.00150163,0.0275342,0.0148443,-0.119466
252,607,-0.173577,97.8992,0.0283975,15,316,-0.173584,-97.8992,0.0249292,0.0137322,-0.000969128,0.0250125,0.0136489,-0.085703
261,607,-0.23396,97.9131,0.0268552,24,316,-0.233948,-97.913,0.0225461,0.0124376,-0.000491132,0.0225699,0.0124138,-0.0484341
270,607,-0.269074,97.9111,0.023899,33,316,-0.269073,-97.9111,0.0202315,0.0111469,-6.54155e-05,0.020232,0.0111464,-0.00720015
279,607,-0.256972,97.9132,0.020882,42,316,-0.256958,-97.9133,0.0180116,0.00986618,0.000310431,0.0180234,0.00985436,0.0380377
288,607,-0.165626,97.913,0.0197927,51,316,-0.165619,-97.913,0.0159109,0.00860133,0.000638861,0.0159663,0.00854591,0.0865263
297,607,-0.0786409,97.9151,0.018864,60,316,-0.0786438,-97.9151,0.013953,0.00735766,0.000922264,0.0140795,0.00723112,0.136352
306,607,-0.00672313,97.9116,0.0197122,69,316,-0.00671387,-97.9116,0.0121492,0.0059858,0.00109007,0.0123363,0.00579869,0.169995
315,607,0.0699481,97.9184,0.0206012,78,316,0.0699463,-97.9184,0.010577,0.0046178,0.00116897,0.0107981,0.0043967,0.186936
324,607,0.0990827,97.9001,0.0253953,87,316,0.0990906,-97.9001,0.00941661,0.0033052,0.00112909,0.00961853,0.00310327,0.176972
333,607,0.415746,97.904,0.0298861,96,316,0.415741,-97.9041,0.00890762,0.00205431,0.000981847,0.00904551,0.00191642,0.139528
216,616,-1.80734,97.9434,0.0448311,-21,307,-1.80734,-97.9434,0.0343507,0.0206498,-0.00370149,0.0352868,0.0197137,-0.247693
225,616,-1.76337,98.0925,0.0390218,-12,307,-1.76337,-98.0925,0.0316425,0.0193869,-0.0028457,0.0322711,0.0187583,-0.217377
234,616,-1.73705,97.937,0.0318733,-3,307,-1.73705,-97.937,0.0289523,0.0181105,-0.00209645,0.0293435,0.0177192,-0.184509
243,616,-0.97775,97.9803,0.0298739,6,307,-0.977753,-97.9803,0.0265807,0.0169702,-0.00147829,0.026803,0.0167479,-0.149225
252,616,-0.0269595,97.9895,0.0317409,15,307,-0.0269623,-97.9896,0.024191,0.0158341,-0.000901387,0.0242871,0.015738,-0.106234
261,616,-0.114157,97.9796,0.0299579,24,307,-0.114166,-97.9797,0.0218428,0.0146944,-0.000376699,0.0218626,0.0146746,-0.0525034
270,616,-0.192503,97.9749,0.0254465,33,307,-0.192505,-97.9749,0.0195613,0.0135561,9.72909e-05,0.0195629,0.0135545,0.0161953
279,616,-0.235594,97.9844,0.0208871,42,307,-0.235596,-97.9844,0.0173709,0.012424,0.00052229,0.0174254,0.0123695,0.104051
288,616,-0.153808,97.9849,0.0206146,51,307,-0.153809,-97.9849,0.0152949,0.011303,0.000900085,0.0154885,0.0111095,0.211824
297,616,-0.0583169,97.9646,0.0185444,60,307,-0.0583191,-97.9646,0.0133559,0.0101976,0.00123245,0.0137799,0.00977363,0.331358
306,616,-0.0105064,97.9345,0.0173393,69,307,-0.010498,-97.9345,0.0115788,0.00898277,0.00146412,0.0122374,0.00832413,0.422733
315,616,0.03909,97.9296,0.0180104,78,307,0.039093,-97.9296,0.0100262,0.00777186,0.00159923,0.0108556,0.0069425,0.478416
324,616,0.12948,97.9678,0.0196096,87,307,0.129486,-97.9678,0.00888645,0.00660111,0.00161472,0.00972191,0.00576564,0.477474
333,616,0.944926,98.1994,0.0273835,96,307,0.944916,-98.1995,0.00837285,0.00547229,0.00152012,0.00902354,0.0048216,0.404453
216,625,-1.78761,98.0819,0.0297961,-21,298,-1.78761,-98.082,0.0335991,0.0214291,-0.00384146,0.0347102,0.020318,-0.281558
225,625,-1.76507,98.1077,0.0271579,-12,298,-1.76508,-98.1077,0.0309014,0.0203342,-0.00297009,0.031679,0.0195566,-0.256056
234,625,-1.55247,98.0691,0.0288361,-3,298,-1.55247,-98.0691,0.0282632,0.019231,-0.00219532,0.0287685,0.0187256,-0.226235
243,625,-0.92674,98.0405,0.0322439,6,298,-0.926743,-98.0405,0.0258974,0.0182474,-0.00153761,0.0261949,0.0179499,-0.191109
252,625,-0.101232,98.0157,0.0348373,15,298,-0.101227,-98.0157,0.0235318,0.0172666,-0.00092216,0.0236648,0.0171337,-0.143143
261,625,-0.134067,98.0246,0.0318104,24,298,-0.134064,-98.0246,0.0212101,0.0162823,-0.000355687,0.0212357,0.0162568,-0.071684
270,625,-0.15712,98.024,0.0279874,33,298,-0.157135,-98.024,0.0189557,0.0152987,0.000162665,0.0189629,0.0152915,0.0443638
279,625,-0.213278,98.0532,0.0229424,42,298,-0.213287,-98.0532,0.0167911,0.0143199,0.000633952,0.0169442,0.0141668,0.237031
288,625,-0.105095,98.042,0.0223473,51,298,-0.105103,-98.042,0.0147382,0.0133502,0.00105933,0.0153106,0.0127778,0.495422
297,625,-0.029933,97.9967,0.020404,60,298,-0.0299377,-97.9968,0.0128181,0.0123937,0.00144,0.0140615,0.0111503,0.712228
306,625,0.00399181,97.9586,0.0178639,69,298,0.0039978,-97.9586,0.011066,0.0113516,0.00173285,0.0129476,0.00947012,0.826509
315,625,-0.00245955,97.9391,0.0201135,78,298,-0.00247192,-97.9391,0.00953801,0.0103179,0.0019266,0.0118936,0.0079623,0.885252
324,625,0.173131,97.9855,0.0192339,87,298,0.173126,-97.9855,0.00842392,0.00931904,0.0020024,0.0109233,0.00681967,0.895346
207,634,-1.95193,98.2513,0.0293758,-30,289,-1.95193,-98.2513,0.0355387,0.0224816,-0.00493457,0.0371938,0.0208265,-0.323616
216,634,-1.76263,98.2169,0.0242322,-21,289,-1.76263,-98.2169,0.0329603,0.0216282,-0.0039752,0.0342157,0.0203729,-0.305894
225,634,-1.63238,98.3038,0.0246027,-12,289,-1.63239,-98.3038,0.0302501,0.0206936,-0.00309701,0.031166,0.0197777,-0.287537
234,634,-1.39391,98.3003,0.0281432,-3,289,-1.39391,-98.3003,0.0276337,0.0197576,-0.00230635,0.0282594,0.0191319,-0.264902
243,634,-0.946693,98.2021,0.0325521,6,289,-0.946686,-98.2021,0.0252607,0.0189243,-0.00162006,0.0256509,0.0185341,-0.236342
252,634,-0.195204,98.0787,0.0359471,15,289,-0.195206,-98.0787,0.0229048,0.018092,-0.000975192,0.0230948,0.0179019,-0.192513
261,634,-0.177073,98.0903,0.0325694,24,289,-0.177063,-98.0903,0.0205977,0.0172577,-0.000375323,0.0206393,0.0172161,-0.110538
270,634,-0.158311,98.0852,0.0287817,33,289,-0.158325,-98.0852,0.0183609,0.0164249,0.000179829,0.0183775,0.0164084,0.0918383
279,634,-0.162202,98.1016,0.0256397,42,289,-0.162201,-98.1016,0.0162155,0.0155972,0.000690738,0.0166631,0.0151496,0.574989
288,634,-0.0757986,98.1367,0.0211189,51,289,-0.0758057,-98.1367,0.0141817,0.0147785,0.001158,0.0156759,0.0132843,0.911489
297,634,-0.0189977,98.0868,0.0198808,60,289,-0.0190125,-98.0868,0.0122791,0.0139723,0.00158224,0.0149202,0.0113312,1.03105
306,634,0.00327792,98.0373,0.018468,69,289,0.00326538,-98.0373,0.0105505,0.0131065,0.00192952,0.0141428,0.00951408,1.0779
315,634,0.00662497,97.9934,0.0192308,78,289,0.00662231,-97.9934,0.0090521,0.012255,0.00217914,0.0133578,0.00794924,1.10228
324,634,0.118859,97.9985,0.021552,87,289,0.118866,-97.9985,0.00797262,0.011438,0.00231473,0.0125967,0.00681391,1.10668
207,643,-1.91366,98.3791,0.0274725,-30,280,-1.91367,-98.3791,0.035088,0.0221024,-0.00500524,0.0367933,0.0203971,-0.328369
216,643,-1.73414,98.4113,0.0246007,-21,280,-1.73413,-98.4113,0.0324328,0.0213765,-0.00406125,0.0337643,0.020045,-0.316802
225,643,-1.58504,98.6524,0.0251024,-12,280,-1.58504,-98.6524,0.0296859,0.0205858,-0.0031868,0.0306909,0.0195808,-0.305492
234,643,-1.33987,98.6638,0.0284814,-3,280,-1.33987,-98.6638,0.0270642,0.0198023,-0.00239235,0.0277815,0.019085,-0.291293
243,643,-0.949082,98.3905,0.0313731,6,280,-0.949081,-98.3904,0.0246697,0.0191062,-0.00168987,0.0251428,0.0186331,-0.272952
252,643,-0.31417,98.1489,0.0355949,15,280,-0.314163,-98.1489,0.0223082,0.0184098,-0.00102653,0.022562,0.018156,-0.242368
261,643,-0.321146,98.1579,0.0343914,24,280,-0.321136,-98.158,0.0200028,0.0177138,-0.000403765,0.0200719,0.0176447,-0.169581
270,643,-0.236187,98.1747,0.0292177,33,280,-0.236176,-98.1747,0.017773,0.0170211,0.00017823,0.0178131,0.016981,0.22135
279,643,-0.129684,98.1421,0.0275819,42,280,-0.129669,-98.1421,0.0156382,0.0163351,0.00071943,0.016786,0.0151873,1.01092
288,643,-0.0409104,98.1681,0.0229639,51,280,-0.0409241,-98.1681,0.0136171,0.0156593,0.00121993,0.016229,0.0130473,1.13385
297,643,0.00537884,98.1438,0.0197138,60,280,0.00537109,-98.1439,0.0117278,0.0149972,0.00167989,0.0157065,0.0110185,1.17128
306,643,0.0279194,98.1045,0.0174858,69,280,0.0279236,-98.1045,0.0100191,0.014301,0.00207169,0.0151392,0.0091809,1.18631
315,643,0.0408738,98.0585,0.0185176,78,280,0.040863,-98.0585,0.00855237,0.0136263,0.00237014,0.0145612,0.00761748,1.19509
324,643,0.121523,98.0436,0.0213109,87,280,0.121521,-98.0436,0.00751224,0.0129903,0.00256021,0.0140005,0.006502,1.19496
207,652,-1.87786,98.6866,0.0249745,-30,271,-1.87785,-98.6866,0.0347311,0.0214303,-0.00502335,0.0364151,0.0197463,-0.323457
216,652,-1.74763,98.8061,0.0251137,-21,271,-1.74762,-98.806,0.0319799,0.0208121,-0.00410017,0.0333235,0.0194684,-0.316685
225,652,-1.62726,99.0283,0.0254582,-12,271,-1.62726,-99.0283,0.0291788,0.020144,-0.00323618,0.0302184,0.0191045,-0.310819
234,652,-1.39278,99.1008,0.027449,-3,271,-1.39278,-99.1008,0.026533,0.0194918,-0.00244685,0.0272998,0.018725,-0.303684
243,652,-0.970518,98.717,0.0276557,6,271,-0.97052,-98.717,0.0241075,0.0189145,-0.00173814,0.0246355,0.0183865,-0.294954
252,652,-0.369775,98.3262,0.0292339,15,271,-0.369781,-98.3262,0.0217305,0.018336,-0.00106578,0.0220374,0.0180291,-0.280357
261,652,-0.254986,98.3191,0.0319282,24,271,-0.254974,-98.3191,0.0194181,0.0177605,-0.000429793,0.0195229,0.0176557,-0.239195
270,652,-0.198143,98.3276,0.030907,33,271,-0.198151,-98.3276,0.0171884,0.0171909,0.000169239,0.0173589,0.0170204,0.789121
279,652,-0.122692,98.2277,0.0278099,42,271,-0.122681,-98.2277,0.0150587,0.0166303,0.000730913,0.0169177,0.0147714,1.19618
288,652,-0.0449425,98.2275,0.0249741,51,271,-0.0449524,-98.2275,0.0130463,0.0160822,0.00125494,0.0165338,0.0125947,1.22537
297,652,0.000683524,98.1979,0.0202812,60,271,0.000671387,-98.1979,0.0111679,0.0155501,0.00174113,0.0161577,0.0105603,1.23507
306,652,0.0384381,98.1677,0.0173624,69,271,0.0384521,-98.1677,0.0094794,0.0150077,0.00216586,0.0157552,0.00873192,1.23848
315,652,0.0560133,98.1315,0.017262,78,271,0.0559998,-98.1315,0.00803744,0.0145013,0.00250104,0.015356,0.00718274,1.2415
324,652,0.106178,98.0974,0.019295,87,271,0.106171,-98.0974,0.00703992,0.0140369,0.00273646,0.01498,0.00609684,1.23891
207,661,-1.81584,98.9916,0.0252503,-30,262,-1.81584,-98.9916,0.0344948,0.0206214,-0.0049612,0.0360864,0.0190298,-0.310431
216,661,-1.7059,99.1768,0.025693,-21,262,-1.7059,-99.1768,0.0316204,0.0200801,-0.00406932,0.0329109,0.0187895,-0.307116
225,661,-1.61845,99.3516,0.0263815,-12,262,-1.61845,-99.3516,0.0287418,0.0195039,-0.00322775,0.0297578,0.0184878,-0.304962
234,661,-1.37032,99.4913,0.0274241,-3,262,-1.37032,-99.4913,0.0260521,0.0189533,-0.00245594,0.0268189,0.0181865,-0.302647
243,661,-0.994314,99.0447,0.0249765,6,262,-0.994308,-99.0447,0.0235835,0.0184706,-0.00175341,0.024127,0.0179271,-0.300594
252,661,-0.593222,98.8301,0.0252729,15,262,-0.593216,-98.8301,0.0211788,0.0179876,-0.00108376,0.021512,0.0176543,-0.298322
261,661,-0.329935,98.7319,0.0283317,24,262,-0.329926,-98.7319,0.0188492,0.0175113,-0.000446331,0.0189844,0.017376,-0.294183
270,661,-0.249294,99.3134,0.0308642,33,262,-0.249298,-99.3134,0.016611,0.0170443,0.000158041,0.0170958,0.0165595,1.25571
288,661,-0.0604318,98.267,0.0263052,51,262,-0.0604248,-98.267,0.0124713,0.016151,0.00126496,0.0165439,0.0120784,1.26964
297,661,-0.0173117,98.2239,0.0226568,60,262,-0.0173035,-98.2239,0.0106006,0.0157318,0.00176643,0.0162811,0.0100513,1.26931
306,661,0.0227224,98.2105,0.0197265,69,262,0.0227356,-98.2105,0.00893143,0.0153244,0.00221146,0.0160149,0.00824101,1.26818
315,661,0.0432744,98.2084,0.0175786,78,262,0.0432739,-98.2084,0.00752604,0.0149605,0.00257291,0.0157641,0.00672248,1.26808
324,661,0.0841899,98.1741,0.0178112,87,262,0.084198,-98.1741,0.0065771,0.0146515,0.00284195,0.0155514,0.00567712,1.26411
207,670,-1.75831,99.461,0.0255378,-30,253,-1.7583,-99.461,0.0343186,0.0198264,-0.00484233,0.0357877,0.0183573,-0.294556
216,670,-1.64695,99.495,0.0249178,-21,253,-1.64696,-99.495,0.0313075,0.0193267,-0.00398453,0.0325116,0.0181225,-0.293477
225,670,-1.36986,99.5412,0.0263236,-12,253,-1.36986,-99.5411,0.0283401,0.0188065,-0.00317154,0.0292988,0.0178479,-0.293542
234,670,-1.08819,99.5813,0.0266443,-3,253,-1.0882,-99.5813,0.025598,0.0183222,-0.00242513,0.0263322,0.017588,-0.29399
243,670,-0.827492,99.3579,0.0269761,6,253,-0.827499,-99.3579,0.0230823,0.0179043,-0.00173773,0.0236114,0.0173752,-0.295567
252,670,-0.697548,99.2566,0.0259851,15,253,-0.697556,-99.2566,0.0206456,0.0174888,-0.00108006,0.0209797,0.0171547,-0.300051
261,670,-0.424224,99.3071,0.0257016,24,253,-0.424225,-99.3071,0.0182956,0.0170845,-0.000451184,0.0184452,0.0169349,-0.320162
270,670,-0.204013,99.5783,0.0294323,33,253,-0.20401,-99.5782,0.0160469,0.0166939,0.000147938,0.0167261,0.0160147,1.35633
279,670,-0.115083,99.4898,0.0281368,42,253,-0.115082,-99.4897,0.0139136,0.0163201,0.000716471,0.0165172,0.0137164,1.30226
297,670,-0.0386106,98.2555,0.0241293,60,253,-0.0386047,-98.2556,0.0100481,0.0156365,0.00175886,0.016144,0.00954059,1.28989
315,670,0.0234884,98.3317,0.0200107,78,253,0.0234985,-98.3317,0.0070416,0.0150928,0.00258442,0.015851,0.00628341,1.28543
324,670,0.0730964,98.3292,0.0196433,87,253,0.0730896,-98.3292,0.0061503,0.0149174,0.0028725,0.0157747,0.00529297,1.28075
207,679,-1.70999,99.5826,0.0254672,-30,244,-1.70999,-99.5826,0.0341477,0.019111,-0.00468094,0.0354858,0.0177729,-0.278438
216,679,-1.50997,99.5402,0.0249314,-21,244,-1.50998,-99.5402,0.0309985,0.0186205,-0.00385705,0.032102,0.017517,-0.278657
225,679,-1.05944,99.5706,0.0264503,-12,244,-1.05945,-99.5706,0.0279419,0.018125,-0.00307612,0.0288261,0.0172408,-0.279911
234,679,-0.746173,99.6052,0.0271587,-3,244,-0.74617,-99.6052,0.025148,0.0176764,-0.00236038,0.0258312,0.0169932,-0.281748
243,679,-0.663764,99.5584,0.0265128,6,244,-0.663757,-99.5583,0.0225879,0.0172977,-0.00169478,0.0230843,0.0168014,-0.284915
252,679,-0.654473,99.4703,0.0257284,15,244,-0.65448,-99.4703,0.0201216,0.0169261,-0.00105644,0.0204393,0.0166084,-0.292104
261,679,-0.489156,99.4265,0.0257916,24,244,-0.489166,-99.4265,0.0177545,0.0165707,-0.000444428,0.0179028,0.0164224,-0.322022
270,679,-0.198125,99.6976,0.0296575,33,244,-0.19812,-99.6976,0.0154993,0.016234,0.000140306,0.0162599,0.0154734,1.38839
279,679,-0.0982254,99.6431,0.0264277,42,244,-0.0982361,-99.6431,0.0133685,0.015919,0.000696868,0.016097,0.0131905,1.32074
288,679,-0.0357168,98.9803,0.0257223,51,244,-0.0357056,-98.9803,0.0113743,0.0156288,0.00122444,0.015956,0.0110471,1.30966
306,679,-0.000381923,99.0641,0.0232849,69,244,-0.000396729,-99.0641,0.00791928,0.0151541,0.00216818,0.0157541,0.00731927,1.30082
315,679,0.030127,98.8983,0.0222929,78,244,0.0301208,-98.8983,0.00661428,0.015005,0.0025397,0.0157138,0.00590544,1.29862
324,679,0.129,98.6292,0.0235433,87,244,0.128998,-98.6292,0.00579665,0.0149429,0.00283132,0.0157484,0.00499113,1.29362
207,688,-1.68255,99.489,0.0290584,-30,235,-1.68254,-99.489,0.0339161,0.0185782,-0.00446189,0.0351196,0.0173746,-0.26347
216,688,-1.22199,99.5478,0.0272698,-21,235,-1.22198,-99.5479,0.0306413,0.0180739,-0.0036692,0.0316341,0.0170811,-0.264257
225,688,-0.750016,99.6127,0.0268035,-12,235,-0.750015,-99.6127,0.027508,0.017576,-0.00292264,0.0283042,0.0167798,-0.265973
234,688,-0.616573,99.6697,0.0260839,-3,235,-0.616577,-99.6697,0.0246752,0.0171333,-0.00224312,0.025292,0.0165166,-0.268308
243,688,-0.523773,99.6703,0.0250629,6,235,-0.523773,-99.6703,0.0220829,0.0167677,-0.00160647,0.0225307,0.0163199,-0.271854
252,688,-0.497644,99.6275,0.0248088,15,235,-0.49765,-99.6275,0.0195978,0.0164145,-0.000995867,0.0198837,0.0161286,-0.279542
261,688,-0.399272,99.6637,0.0244647,24,235,-0.399261,-99.6637,0.017224,0.0160826,-0.000410435,0.0173563,0.0159504,-0.311736
270,688,-0.155031,99.8288,0.0287047,33,235,-0.155029,-99.8288,0.0149728,0.0157747,0.000149047,0.0158015,0.0149459,1.39285
279,688,-0.077972,99.8078,0.026717,42,235,-0.0779724,-99.8078,0.0128549,0.0154936,0.000681832,0.0156594,0.0126891,1.3323
288,688,-0.0344994,99.7181,0.0273069,51,235,-0.0344849,-99.7181,0.0108812,0.0152426,0.0011872,0.0155448,0.010579,1.32153
306,688,0.00810897,99.6715,0.0254946,69,235,0.00811768,-99.6714,0.0075023,0.0148699,0.00208907,0.0154211,0.00695118,1.31286
315,688,0.0631467,99.2464,0.023248,78,235,0.0631409,-99.2463,0.00626796,0.0147909,0.00244136,0.0154407,0.00561819,1.31067
324,688,0.604468,99.0266,0.0265799,87,235,0.604462,-99.0266,0.00553814,0.0148162,0.00271799,0.0155538,0.00480054,1.3058
207,697,-1.52262,99.5306,0.0316788,-30,226,-1.52261,-99.5306,0.0335802,0.0181993,-0.00419859,0.0346517,0.0171278,-0.249863
216,697,-1.04775,99.6108,0.0290216,-21,226,-1.04774,-99.6108,0.0302064,0.0176615,-0.00343662,0.0310861,0.0167817,-0.250612
225,697,-0.626174,99.6789,0.0281072,-12,226,-0.626175,-99.6789,0.0270204,0.0171424,-0.00272716,0.0277233,0.0164395,-0.252254
234,697,-0.525819,99.7183,0.0269808,-3,226,-0.525818,-99.7183,0.0241702,0.0166871,-0.00208816,0.0247135,0.0161439,-0.254521
243,697,-0.367749,99.7545,0.025156,6,226,-0.367752,-99.7545,0.0215636,0.0163186,-0.00148603,0.0219554,0.0159269,-0.257766
252,697,-0.329676,99.7366,0.023686,15,226,-0.329681,-99.7366,0.0190761,0.015969,-0.000909588,0.0193228,0.0157223,-0.264843
261,697,-0.21154,99.7936,0.0238548,24,226,-0.211548,-99.7936,0.016711,0.0156465,-0.000357993,0.0168202,0.0155373,-0.296052
270,697,-0.0667199,99.9228,0.0282501,33,226,-0.0667114,-99.9228,0.0144781,0.0153537,0.000168291,0.0153849,0.0144469,1.3873
279,697,-0.0268522,99.9066,0.0274674,42,226,-0.0268555,-99.9066,0.012387,0.0150934,0.000668768,0.0152497,0.0122308,1.3413
288,697,0.00119094,99.8515,0.0246049,51,226,0.00119019,-99.8515,0.0104472,0.014869,0.00114291,0.0151469,0.0101692,1.33224
297,697,0.0798752,99.8462,0.0213431,60,226,0.0798645,-99.8462,0.00866805,0.0146838,0.00159018,0.0150783,0.00827358,1.32764
306,697,0.0735911,99.7988,0.0203907,69,226,0.0735779,-99.7988,0.00717412,0.0145725,0.00198263,0.0150703,0.00667631,1.3248
315,697,0.0789882,99.6973,0.0221456,78,226,0.0789795,-99.6973,0.00602671,0.0145523,0.00230382,0.0151351,0.00544399,1.32306
324,697,0.766703,99.4929,0.0275498,87,226,0.766693,-99.4929,0.00540227,0.0146551,0.00255307,0.0153128,0.00474456,1.31867
207,706,-1.43507,99.6451,0.0321032,-30,217,-1.43507,-99.6451,0.0330822,0.0179643,-0.00389893,0.0340285,0.017018,-0.238106
216,706,-0.827377,99.7133,0.030404,-21,217,-0.827377,-99.7133,0.0296374,0.0174211,-0.00316028,0.0304065,0.016652,-0.238731
225,706,-0.583993,99.7712,0.0302738,-12,217,-0.584,-99.7712,0.0264281,0.0169044,-0.00248366,0.0270369,0.0162956,-0.24038
234,706,-0.450099,99.7892,0.0291206,-3,217,-0.450104,-99.7892,0.0235925,0.0164535,-0.0018848,0.0240595,0.0159865,-0.24291
243,706,-0.27434,99.7955,0.0265018,6,217,-0.274338,-99.7955,0.0209976,0.0160967,-0.00131772,0.0213294,0.0157648,-0.246692
252,706,-0.20849,99.8025,0.0231022,15,217,-0.208496,-99.8025,0.0185293,0.0157663,-0.000776471,0.0187326,0.015563,-0.256019
261,706,-0.100053,99.8562,0.0251561,24,217,-0.100067,-99.8563,0.0161931,0.0154674,-0.000260592,0.016277,0.0153835,-0.311432
270,706,-0.000987705,99.931,0.0308673,33,217,-0.000976562,-99.931,0.013997,0.0152031,0.000229854,0.0152454,0.0139547,1.38871
279,706,0.0277154,99.9216,0.0292303,42,217,0.02771,-99.9216,0.0119493,0.0149763,0.000694722,0.0151281,0.0117974,1.35563
288,706,0.0379568,99.9207,0.0240599,51,217,0.0379639,-99.9207,0.0100577,0.0147903,0.00113378,0.0150479,0.00980013,1.34739
297,706,0.041256,99.8558,0.0193802,60,217,0.0412598,-99.8558,0.00833047,0.014649,0.00154673,0.0150073,0.00797216,1.34316
306,706,0.0473084,99.8363,0.0190607,69,217,0.0473022,-99.8362,0.00692182,0.0145936,0.00190044,0.0150385,0.00647685,1.3408
315,706,0.0637468,99.8038,0.0216636,78,217,0.0637512,-99.8038,0.00587389,0.0146449,0.00218356,0.0151584,0.00536035,1.33981
324,706,0.700338,99.7188,0.0267891,87,217,0.700348,-99.7188,0.00535961,0.0148384,0.00239802,0.0154105,0.00478747,1.33659
207,715,-1.74014,99.9662,0.0291269,-30,208,-1.74014,-99.9662,0.0324244,0.0177953,-0.00357018,0.0332492,0.0169705,-0.227038
216,715,-0.928841,99.8705,0.029527,-21,208,-0.928848,-99.8705,0.0289432,0.0172455,-0.00285263,0.0296018,0.0165869,-0.226889
225,715,-0.640584,99.9021,0.0290168,-12,208,-0.640579,-99.9021,0.0257411,0.0167287,-0.00220909,0.0262535,0.0162163,-0.227901
234,715,-0.439016,99.8933,0.027685,-3,208,-0.439011,-99.8933,0.022948,0.0162785,-0.00165275,0.0233351,0.0158914,-0.230064
243,715,-0.239226,99.8798,0.0262036,6,208,-0.239227,-99.8798,0.0203894,0.0159288,-0.001125,0.0206571,0.0156612,-0.233591
252,715,-0.141973,99.8719,0.0247366,15,208,-0.141968,-99.8718,0.0179645,0.0156119,-0.000624806,0.0181202,0.0154562,-0.244126
261,715,-0.0585553,99.8983,0.0288333,24,208,-0.0585632,-99.8983,0.0156804,0.0153306,-0.000151642,0.015737,0.0152741,-0.357155
270,715,0.0192708,99.9135,0.0344375,33,208,0.0192566,-99.9135,0.013544,0.0150885,0.000294914,0.0151429,0.0134896,1.3884
279,715,0.0445438,99.904,0.029563,42,208,0.0445557,-99.904,0.0115619,0.0148889,0.000715178,0.0150361,0.0114147,1.36778
288,715,0.0527704,99.8952,0.0241359,51,208,0.0527649,-99.8952,0.00974104,0.0147357,0.00110935,0.014971,0.00950573,1.36178
297,715,0.0545082,99.8938,0.0206516,60,208,0.0545044,-99.8938,0.0080883,0.0146329,0.00147751,0.014951,0.00777019,1.35874
306,715,0.0458531,99.907,0.0200992,69,208,0.0458679,-99.907,0.00679057,0.0146294,0.00177901,0.0150143,0.00640572,1.35775
315,715,0.0470115,99.8824,0.0203259,78,208,0.0469971,-99.8823,0.00586946,0.0147503,0.00200947,0.0151839,0.00543594,1.35831
207,724,-1.47133,99.9939,0.0269951,-30,199,-1.47133,-99.9939,0.0316051,0.0176548,-0.00322446,0.0323143,0.0169456,-0.216509
216,724,-0.967095,99.9599,0.0267847,-21,199,-0.967102,-99.9599,0.0281274,0.0171029,-0.00252543,0.0286784,0.016552,-0.214805
225,724,-0.62709,99.966,0.0268122,-12,199,-0.62709,-99.966,0.0249757,0.0165956,-0.00191555,0.0253928,0.0161785,-0.214399
234,724,-0.44225,99.9568,0.0260088,-3,199,-0.442245,-99.9568,0.0222483,0.0161452,-0.00140124,0.0225547,0.0158389,-0.215235
243,724,-0.27197,99.9307,0.0246295,6,199,-0.271973,-99.9307,0.0197455,0.015799,-0.000914643,0.0199472,0.0155973,-0.217018
252,724,-0.16036,99.9343,0.0239755,15,199,-0.160355,-99.9343,0.0173845,0.0154865,-0.000458875,0.0174896,0.0153813,-0.22519
261,724,-0.0736031,99.9667,0.0302361,24,199,-0.0736084,-99.9667,0.0151712,0.0152108,-3.30031e-05,0.0152295,0.0151525,-1.05577
270,724,0.0135138,99.9506,0.03173,33,199,0.0135193,-99.9506,0.0131114,0.0149753,0.000363813,0.0150438,0.0130429,1.3847
279,724,0.0567013,99.9312,0.0264531,42,199,0.0567017,-99.9312,0.0112112,0.0147833,0.00073227,0.0149276,0.0110669,1.37625
288,724,0.081144,99.9192,0.0223359,51,199,0.0811462,-99.9191,0.00947648,0.0146385,0.00107291,0.0148526,0.00926236,1.37382
297,724,0.0649223,99.9345,0.0190607,60,199,0.0649109,-99.9346,0.00791343,0.0145449,0.00138614,0.014823,0.00763535,1.37281
306,724,0.0414412,99.9402,0.0196792,69,199,0.0414429,-99.9402,0.00674057,0.0145548,0.00162101,0.0148777,0.00641765,1.37416
315,724,0.038445,99.9256,0.0198534,78,199,0.0384521,-99.9256,0.00595876,0.0146934,0.00178126,0.0150427,0.00560947,1.37716
207,733,-1.54763,100.064,0.0258576,-30,190,-1.54762,-100.064,0.030673,0.0174855,-0.00287711,0.0312734,0.0168852,-0.205718
216,733,-0.920398,100.036,0.0248855,-21,190,-0.920395,-100.036,0.0272232,0.0169501,-0.00219124,0.0276711,0.0165022,-0.201612
225,733,-0.573352,100.025,0.0224877,-12,190,-0.573349,-100.025,0.0241473,0.0164675,-0.00161143,0.0244717,0.0161431,-0.198668
234,733,-0.44287,99.997,0.0212579,-3,190,-0.442871,-99.997,0.0215067,0.0160298,-0.00113726,0.0217335,0.015803,-0.196811
243,733,-0.303849,99.9781,0.0207557,6,190,-0.303848,-99.9781,0.0190802,0.0156947,-0.000692529,0.0192164,0.0155585,-0.194168
252,733,-0.191076,99.9913,0.0216237,15,190,-0.191071,-99.9913,0.0168028,0.0153927,-0.000282954,0.0168575,0.0153381,-0.19083
261,733,-0.0919096,100.033,0.0286303,24,190,-0.0919189,-100.033,0.0146793,0.015127,9.28355e-05,0.0151455,0.0146608,1.37425
270,733,-0.000286731,100.021,0.026848,33,190,-0.000274658,-100.021,0.0127147,0.014901,0.000436122,0.0149847,0.0126309,1.38099
279,733,0.0563942,99.9983,0.0231718,42,190,0.0563965,-99.9984,0.0109142,0.014718,0.000748042,0.0148598,0.0107724,1.38343
288,733,0.0645024,99.9581,0.0222847,51,190,0.0645142,-99.9581,0.00928298,0.0145819,0.00102957,0.0147749,0.00908996,1.38548
297,733,0.0593171,99.9641,0.0193198,60,190,0.0593262,-99.9641,0.00782649,0.0144966,0.00128151,0.0147343,0.00758875,1.38737
306,733,0.0373232,99.961,0.0188322,69,190,0.037323,-99.961,0.00679526,0.0145166,0.0014421,0.0147771,0.00653471,1.39205
315,733,0.0366492,99.9352,0.0186625,78,190,0.0366516,-99.9351,0.00616589,0.0146687,0.00152242,0.0149331,0.00590152,1.39886
207,742,-1.72133,100.166,0.0261033,-30,181,-1.72133,-100.166,0.0295502,0.0172862,-0.00253337,0.0300529,0.0167835,-0.19589
225,742,-0.533786,100.052,0.0216161,-12,181,-0.533783,-100.052,0.0232187,0.0163312,-0.00130773,0.0234586,0.0160912,-0.18146
234,742,-0.407483,100.029,0.0202543,-3,181,-0.407486,-100.029,0.0206956,0.0159176,-0.000871327,0.0208495,0.0157636,-0.174866
243,742,-0.290929,100.021,0.0190984,6,181,-0.290924,-100.021,0.018375,0.0156002,-0.000468173,0.0184518,0.0155233,-0.162724
252,742,-0.190833,100.031,0.019584,15,181,-0.190826,-100.031,0.0162082,0.0153143,-0.000104994,0.0162204,0.0153021,-0.115357
261,742,-0.11013,100.052,0.0261318,24,181,-0.110138,-100.052,0.0141995,0.0150631,0.000219947,0.0151159,0.0141468,1.33522
270,742,-8.63759e-05,100.016,0.0246582,33,181,-9.15527e-05,-100.016,0.0123532,0.0148499,0.000508313,0.0149494,0.0122537,1.37745
279,742,0.0432177,99.9514,0.0233695,42,181,0.0432129,-99.9514,0.0106737,0.0146784,0.000761644,0.0148184,0.0105338,1.38906
288,742,0.0292844,99.9683,0.0225531,51,181,0.0292969,-99.9683,0.00916577,0.0145524,0.000981334,0.0147256,0.00899256,1.39609
297,742,0.0305523,99.9721,0.0187326,60,181,0.0305481,-99.9721,0.00783415,0.014476,0.00116863,0.0146756,0.00763453,1.40161
306,742,0.0267789,99.9606,0.0166939,69,181,0.0267639,-99.9606,0.00695947,0.0145056,0.00124907,0.014707,0.00675809,1.41095
315,742,0.0370958,99.9295,0.0185722,78,181,0.0371094,-99.9295,0.00649433,0.0146686,0.00124239,0.0148533,0.00630967,1.42325
207,751,-1.77851,100.205,0.0290578,-30,172,-1.77852,-100.205,0.028242,0.0170586,-0.00219797,0.0286585,0.0166421,-0.187262
216,751,-0.658195,100.115,0.0286467,-21,172,-0.658188,-100.115,0.0249915,0.0165923,-0.00153383,0.0252629,0.0163209,-0.175089
225,751,-0.493811,100.088,0.0233532,-12,172,-0.493805,-100.088,0.0221935,0.016188,-0.00100863,0.0223584,0.0160232,-0.16203
234,751,-0.357018,100.062,0.0205789,-3,172,-0.357025,-100.062,0.019817,0.0158094,-0.000606746,0.0199068,0.0157196,-0.147012
243,751,-0.218185,100.055,0.0194981,6,172,-0.218185,-100.055,0.017631,0.0155149,-0.000243589,0.0176587,0.0154873,-0.11314
252,751,-0.125832,100.068,0.020683,15,172,-0.125839,-100.068,0.0156015,0.0152493,7.45214e-05,0.0156166,0.0152342,0.200145
261,751,-0.0760162,100.075,0.0239312,24,172,-0.0760193,-100.075,0.013732,0.0150154,0.000349582,0.0151045,0.0136429,1.3214
270,751,0.0071715,100.028,0.0270877,33,172,0.00717163,-100.028,0.0120261,0.0148167,0.000583543,0.0149338,0.011909,1.37274
279,751,0.0302055,99.9816,0.0245518,42,172,0.0302124,-99.9816,0.010488,0.0146567,0.000778272,0.0147972,0.0103475,1.39211
288,751,0.013932,99.9615,0.0217557,51,172,0.0139465,-99.9614,0.00912191,0.0145391,0.000935528,0.0146962,0.0089649,1.40452
297,751,0.0064896,99.968,0.0196432,60,172,0.00650024,-99.968,0.00793208,0.0144684,0.00105697,0.014635,0.00776541,1.4144
306,751,0.0273487,99.9674,0.0169089,69,172,0.0273438,-99.9673,0.00722619,0.0145018,0.00105371,0.0146514,0.00707666,1.42983
315,751,0.0668834,99.9671,0.0177897,78,172,0.0668945,-99.967,0.0069335,0.014665,0.000955036,0.0147812,0.00681728,1.4497
207,760,-1.64142,100.291,0.0298737,-30,163,-1.64142,-100.291,0.0267659,0.0167855,-0.00187939,0.0271081,0.0164434,-0.180094
216,760,-1.32404,100.306,0.0288761,-21,163,-1.32404,-100.306,0.0236821,0.0163842,-0.00122215,0.0238813,0.0161849,-0.161594
225,760,-0.469754,100.29,0.0247729,-12,163,-0.469757,-100.29,0.0210796,0.0160424,-0.000718384,0.02118,0.015942,-0.138929
234,760,-0.331274,100.142,0.02123,-3,163,-0.331268,-100.142,0.0188746,0.0157159,-0.00034561,0.018912,0.0156785,-0.107716
243,760,-0.185323,100.098,0.0227789,6,163,-0.185318,-100.098,0.016849,0.0154562,-1.81513e-05,0.0168493,0.0154559,-0.0130288
252,760,-0.109408,100.067,0.0219796,15,163,-0.109406,-100.067,0.0149803,0.0152209,0.000259087,0.0153862,0.0148149,1.00274
261,760,-0.0748133,100.082,0.0228267,24,163,-0.0747986,-100.082,0.0132715,0.0150125,0.000488192,0.01514,0.013144,1.31523
270,760,0.027503,100.05,0.0297496,33,163,0.0274963,-100.05,0.0117261,0.0148338,0.000671245,0.0149726,0.0115873,1.36691
279,760,0.0115738,99.9373,0.0317573,42,163,0.0115662,-99.9373,0.0103475,0.014688,0.000810302,0.0148343,0.0102012,1.39212
288,760,7.95093e-05,99.9512,0.0250721,51,163,9.15527e-05,-99.9512,0.00913954,0.0145786,0.000907379,0.014726,0.00899216,1.40978
297,760,-0.00708767,99.9728,0.0210611,60,163,-0.00708008,-99.9728,0.00810598,0.0145096,0.000964458,0.0146517,0.00796387,1.42451
306,760,0.0333568,99.9851,0.0178142,69,163,0.0333557,-99.9851,0.00757777,0.0145362,0.000876721,0.0146449,0.00746901,1.44737
315,760,0.1145,100.015,0.0177408,78,163,0.114502,-100.015,0.00746103,0.0146786,0.000683464,0.0147427,0.00739688,1.47721
207,769,-1.39396,100.558,0.0299288,-30,154,-1.39397,-100.558,0.0251395,0.016469,-0.00158144,0.0254189,0.0161895,-0.174893
216,769,-1.02152,100.75,0.0290127,-21,154,-1.02151,-100.75,0.0222663,0.016139,-0.00093475,0.0224058,0.0159995,-0.148067
225,769,-0.415127,100.764,0.0273126,-12,154,-0.415131,-100.764,0.0198922,0.0158771,-0.000450006,0.019942,0.0158273,-0.110258
243,769,-0.269418,100.19,0.0239474,6,154,-0.269424,-100.19,0.0160394,0.0154081,0.000194241,0.0160943,0.0153531,0.275835
252,769,-0.148367,100.098,0.0233181,15,154,-0.148361,-100.098,0.0143517,0.0152179,0.000436101,0.0153994,0.0141702,1.17638
261,769,-0.0891381,100.1,0.0249282,24,154,-0.0891418,-100.1,0.0128216,0.0150498,0.000625503,0.0152134,0.012658,1.315
270,769,-0.0159342,100.089,0.0254749,33,154,-0.0159302,-100.089,0.0114522,0.0149058,0.000764501,0.0150674,0.0112906,1.3624
279,769,0.022319,100.071,0.0229266,42,154,0.0223083,-100.07,0.0102468,0.0147883,0.000855142,0.014944,0.0100911,1.39072
288,769,0.0292549,100.022,0.0201812,51,154,0.0292664,-100.021,0.00920861,0.0147002,0.000899473,0.0148438,0.00906504,1.41251
297,769,0.0292992,100.028,0.0202417,60,154,0.0292969,-100.028,0.00834114,0.0146445,0.000899557,0.0147704,0.00821528,1.43178
306,769,0.0810351,100.037,0.0179973,69,154,0.0810242,-100.037,0.00799361,0.0146729,0.000734741,0.0147527,0.00791374,1.46252
315,769,0.2454,100.056,0.0187497,78,154,0.245392,-100.056,0.0080516,0.014797,0.000453234,0.0148273,0.00802128,1.504
207,778,-0.990522,101.007,0.0288529,-30,145,-0.990524,-101.007,0.0233922,0.0160892,-0.00131697,0.0236225,0.0158589,-0.173071
216,778,-0.459322,101.355,0.0300153,-21,145,-0.45932,-101.354,0.0207654,0.0158585,-0.000681419,0.0208583,0.0157656,-0.135455
225,778,-0.327564,101.469,0.0322422,-12,145,-0.32756,-101.469,0.0186479,0.0156854,-0.000215704,0.0186635,0.0156697,-0.0723025
234,778,-0.310816,101.127,0.0302161,-3,145,-0.310822,-101.127,0.0168536,0.0155011,0.000109209,0.0168623,0.0154924,0.0800587
243,778,-0.366479,100.542,0.0263193,6,145,-0.366486,-100.542,0.0152158,0.0153469,0.000377341,0.0156643,0.0148983,0.871409
252,778,-0.182636,100.16,0.0249672,15,145,-0.182632,-100.16,0.013728,0.0152073,0.000587514,0.0154122,0.013523,1.23517
261,778,-0.112165,100.167,0.0238007,24,145,-0.112152,-100.167,0.0123928,0.0150836,0.000741713,0.0152745,0.0122019,1.31888
270,778,0.00203827,100.159,0.0239948,33,145,0.00204468,-100.159,0.0112132,0.0149773,0.000841933,0.015157,0.0110335,1.36047
279,778,0.0678596,100.154,0.0225222,42,145,0.0678711,-100.154,0.0101921,0.0148899,0.000890181,0.0150529,0.010029,1.38967
288,778,0.0897968,100.135,0.0196553,51,145,0.0897827,-100.135,0.00933229,0.0148235,0.00088848,0.0149637,0.00919211,1.41431
297,778,0.0660734,100.134,0.0216214,60,145,0.0660706,-100.134,0.0086369,0.0147802,0.000838896,0.0148927,0.00852441,1.43749
306,778,0.144604,100.123,0.0183377,69,145,0.144592,-100.123,0.00846662,0.0148045,0.000605328,0.0148618,0.00840933,1.47642
315,778,0.489661,100.128,0.0205983,78,145,0.489655,-100.128,0.00869035,0.0148991,0.000244592,0.0149088,0.00868073,1.53148
207,787,-0.704349,101.239,0.0297216,-30,136,-0.704346,-101.239,0.0215652,0.0156222,-0.00110109,0.0217626,0.0154247,-0.177431
216,787,-0.266573,101.557,0.0325385,-21,136,-0.266571,-101.557,0.019212,0.0155065,-0.000480702,0.0192733,0.0154451,-0.126928
225,787,-0.225437,101.593,0.0318769,-12,136,-0.225433,-101.593,0.0173698,0.0154372,-3.32703e-05,0.0173703,0.0154366,-0.0172089
234,787,-0.216611,101.584,0.0312954,-3,136,-0.216614,-101.584,0.0158071,0.0153392,0.000271732,0.0159317,0.0152146,0.429941
243,787,-0.318624,101.072,0.029673,6,136,-0.318619,-101.072,0.0143896,0.0152555,0.000516473,0.0154965,0.0141486,1.13422
261,787,-0.0855564,100.266,0.0212412,24,136,-0.0855713,-100.266,0.011987,0.0151144,0.000827376,0.0153198,0.0117816,1.32746
270,787,0.0433201,100.252,0.0231386,33,136,0.043335,-100.252,0.011007,0.0150582,0.000897253,0.015248,0.0108171,1.36231
279,787,0.12881,100.225,0.0239764,42,136,0.128815,-100.225,0.0101778,0.0150126,0.000912579,0.0151791,0.0100113,1.39032
288,787,0.135857,100.191,0.0203392,51,136,0.135864,-100.191,0.00950212,0.0149787,0.000875256,0.0151152,0.00936564,1.41611
297,787,0.0854493,100.174,0.0222118,60,136,0.0854492,-100.174,0.00898241,0.0149577,0.000787238,0.0150597,0.00888043,1.44198
306,787,0.19523,100.199,0.0190606,69,136,0.195221,-100.199,0.00898413,0.0149834,0.00049896,0.0150246,0.00894292,1.48838
315,787,0.713844,100.202,0.0233534,78,136,0.713837,-100.202,0.00936388,0.0150507,7.44651e-05,0.0150516,0.0093629,1.5577
207,796,-0.588227,101.501,0.0322336,-30,127,-0.588226,-101.501,0.0196998,0.0150582,-0.000945149,0.0198848,0.0148731,-0.193371
216,796,-0.274439,101.684,0.0315606,-21,127,-0.274445,-101.684,0.0176398,0.0150661,-0.000345857,0.0176855,0.0150204,-0.131279
225,796,-0.193578,101.689,0.0308555,-12,127,-0.193573,-101.689,0.0160838,0.0151093,8.24658e-05,0.0160907,0.0151024,0.0838333
234,796,-0.190557,101.633,0.031125,-3,127,-0.190552,-101.633,0.0147641,0.015105,0.000369534,0.0153415,0.0145276,1.00145
243,796,-0.223822,101.474,0.0300507,6,127,-0.223816,-101.474,0.0135785,0.0151037,0.000594873,0.0153083,0.0133739,1.23956
252,796,-0.149378,100.997,0.0280031,15,127,-0.149384,-100.997,0.0125279,0.0151044,0.00075937,0.0153115,0.0123207,1.30448
261,796,-0.0856165,100.619,0.0243181,24,127,-0.0856018,-100.619,0.0116143,0.015107,0.00086468,0.0153093,0.011412,1.34092
270,796,0.0132468,100.446,0.0217672,33,127,0.0132446,-100.446,0.0108401,0.0151117,0.000912479,0.0152984,0.0106534,1.36891
279,796,0.109443,100.42,0.0255319,42,127,0.109436,-100.42,0.0102075,0.0151185,0.00090446,0.0152798,0.0100462,1.39434
288,796,0.131478,100.316,0.0241492,51,127,0.13147,-100.316,0.00971854,0.0151277,0.000842338,0.0152558,0.0095904,1.41983
297,796,0.149413,100.304,0.0231223,60,127,0.149414,-100.304,0.00937527,0.0151397,0.00072788,0.0152302,0.00928478,1.44711
306,796,0.312655,100.361,0.0203202,69,127,0.312653,-100.361,0.00954047,0.015175,0.000401389,0.0152034,0.00951201,1.50003
315,796,0.859945,100.354,0.028912,78,127,0.859955,-100.354,0.0100645,0.0152233,-6.77586e-05,0.0152242,0.0100636,-1.55766
207,805,-0.542558,101.68,0.0325391,-30,118,-0.542557,-101.68,0.0178592,0.0144069,-0.000860343,0.0180617,0.0142043,-0.231189
216,805,-0.330685,101.768,0.031951,-21,118,-0.330688,-101.768,0.0160925,0.0145427,-0.000285866,0.0161435,0.0144917,-0.176712
225,805,-0.24426,101.721,0.0308772,-12,118,-0.244263,-101.721,0.014818,0.0147013,0.000123925,0.0148966,0.0146227,0.565261
234,805,-0.193528,101.673,0.0301497,-3,118,-0.193527,-101.673,0.0137423,0.0147965,0.000396712,0.0149291,0.0136097,1.24821
243,805,-0.167076,101.568,0.0346746,6,118,-0.167084,-101.568,0.0127913,0.014889,0.000608224,0.0150526,0.0126277,1.30804
252,805,-0.117996,101.245,0.0319002,15,118,-0.117996,-101.245,0.011967,0.0149781,0.000759808,0.015159,0.0117862,1.33711
261,805,-0.0539224,100.943,0.0267548,24,118,-0.0539246,-100.943,0.0112712,0.0150632,0.000852848,0.0152462,0.0110882,1.35945
270,805,-0.0165531,100.975,0.022253,33,118,-0.0165405,-100.975,0.0107057,0.0151437,0.000888746,0.0153151,0.0105344,1.38032
279,805,0.075186,100.884,0.0216878,42,118,0.0751953,-100.884,0.0102722,0.015219,0.000868906,0.0153672,0.010124,1.40188
288,805,0.141397,100.7,0.0214625,51,118,0.141388,-100.7,0.00997234,0.0152886,0.000794737,0.0154049,0.00985608,1.42553
297,805,0.25732,100.64,0.021078,60,118,0.257324,-100.64,0.00980744,0.0153519,0.00066767,0.0154311,0.00972817,1.45263
306,805,0.450137,100.666,0.0233045,69,118,0.450134,-100.666,0.0101333,0.0154161,0.00032229,0.0154357,0.0101137,1.51009
315,805,0.987682,100.65,0.029901,78,118,0.987671,-100.65,0.0107969,0.015467,-0.000169573,0.0154732,0.0107907,-1.53455
207,814,-0.555967,101.637,0.0309838,-30,109,-0.555969,-101.638,0.016077,0.0137294,-0.000843523,0.0163486,0.0134578,-0.311566
216,814,-0.367782,101.832,0.0309168,-21,109,-0.367783,-101.832,0.0146025,0.0139839,-0.00029848,0.0147231,0.0138634,-0.383798
225,814,-0.264818,101.787,0.0297405,-12,109,-0.264816,-101.787,0.0136014,0.0142459,9.22093e-05,0.0142588,0.0135885,1.43143
234,814,-0.112302,101.755,0.0331332,-3,109,-0.112305,-101.755,0.0127674,0.0144363,0.000353213,0.014508,0.0126957,1.37059
243,814,-0.118209,101.672,0.0295103,6,109,-0.11821,-101.672,0.0120499,0.0146198,0.000555962,0.014735,0.0119347,1.36663
252,814,-0.0987482,101.62,0.029098,15,109,-0.0987549,-101.62,0.0114506,0.0147954,0.000701589,0.0149366,0.0113094,1.37219
261,814,-0.095325,101.468,0.0275819,24,109,-0.0953369,-101.468,0.0109712,0.0149621,0.000791277,0.0151132,0.0108201,1.38203
270,814,-0.0258516,101.547,0.0228657,33,109,-0.0258484,-101.547,0.0106131,0.0151187,0.000826231,0.0152655,0.0104664,1.39503
279,814,0.0800448,101.457,0.022083,42,109,0.0800476,-101.457,0.0103777,0.0152644,0.000807658,0.0153944,0.0102476,1.41117
288,814,0.234074,101.208,0.0234673,51,109,0.23407,-101.208,0.0102661,0.0153979,0.000736771,0.0155016,0.0101624,1.43099
297,814,0.309485,101.107,0.0238047,60,109,0.309479,-101.107,0.0102793,0.0155182,0.000614793,0.0155894,0.0102082,1.45553
306,814,0.415241,100.85,0.0234,69,109,0.415253,-100.85,0.010762,0.0156202,0.000277637,0.015636,0.0107462,1.51389
207,823,-0.436897,101.748,0.0269715,-30,100,-0.43689,-101.748,0.0143767,0.0130752,-0.000891243,0.0148295,0.0126224,-0.470058
216,823,-0.41181,101.786,0.0266366,-21,100,-0.411804,-101.786,0.0132059,0.0134394,-0.000379924,0.0137201,0.0129252,-0.934446
225,823,-0.178766,101.849,0.030203,-12,100,-0.178772,-101.849,0.0124641,0.0137865,-7.35217e-06,0.0137866,0.012464,-1.56524
234,823,0.0179903,101.811,0.0376617,-3,100,0.0179901,-101.811,0.0118639,0.0140627,0.000245997,0.0140899,0.0118367,1.46073
243,823,-0.0432284,101.749,0.0312103,6,100,-0.0432281,-101.749,0.011371,0.0143278,0.000445425,0.0143934,0.0113053,1.42448
252,823,-0.113745,101.592,0.0393185,15,100,-0.113739,-101.592,0.0109867,0.0145803,0.000591817,0.0146753,0.0108917,1.41171
261,823,-0.0744962,101.619,0.0267855,24,100,-0.0744934,-101.619,0.0107125,0.0148192,0.000686117,0.0149308,0.0106009,1.40955
270,823,0.0524646,101.699,0.0209305,33,100,0.0524597,-101.699,0.0105496,0.0150429,0.000729303,0.0151583,0.0104342,1.41385
279,823,0.154861,101.69,0.0229029,42,100,0.154846,-101.69,0.0104993,0.0152502,0.000722361,0.0153576,0.0103919,1.42319
288,823,0.229079,101.668,0.0237789,51,100,0.229065,-101.668,0.0105625,0.0154397,0.000666288,0.015529,0.0104732,1.43744
297,823,0.262842,101.583,0.0237495,60,100,0.262848,-101.583,0.0107401,0.0156098,0.000562086,0.0156739,0.010676,1.45736
306,823,0.37046,101.415,0.0246596,69,100,0.370453,-101.415,0.0113637,0.015742,0.000250395,0.0157563,0.0113494,1.51385
207,832,-0.395045,101.878,0.0268959,-30,91,-0.39505,-101.878,0.0128035,0.0125356,-0.000995612,0.0136741,0.011665,-0.71852
216,832,-0.30046,101.842,0.0231843,-21,91,-0.300461,-101.842,0.0119196,0.0129832,-0.000515603,0.0131921,0.0117107,-1.18583
225,832,-0.182589,101.855,0.0268283,-12,91,-0.182587,-101.855,0.0114174,0.0133847,-0.00015907,0.0133975,0.0114046,-1.49063
234,832,-0.0350426,101.826,0.0322971,-3,91,-0.0350494,-101.826,0.0110386,0.0137254,9.11454e-05,0.0137285,0.0110356,1.53692
243,832,0.00784998,101.759,0.0295201,6,91,0.00784302,-101.759,0.0107583,0.0140514,0.000292572,0.0140772,0.0107325,1.48287
252,832,-0.0476974,101.693,0.0270687,15,91,-0.047699,-101.693,0.0105776,0.0143613,0.000445889,0.0144132,0.0105257,1.45507
261,832,-0.00849725,101.763,0.0200121,24,91,-0.00848389,-101.763,0.0104975,0.0146536,0.000551836,0.0147256,0.0104255,1.44101
270,832,0.092749,101.813,0.0209197,33,91,0.0927429,-101.813,0.0105191,0.0149266,0.000611177,0.0150098,0.010436,1.43553
279,832,0.203935,101.783,0.0254254,42,91,0.203949,-101.783,0.0106433,0.0151787,0.00062468,0.0152631,0.0105588,1.4364
288,832,0.276753,101.74,0.0253453,51,91,0.276764,-101.74,0.0108705,0.0154081,0.000593106,0.0154844,0.0107943,1.44295
297,832,0.314507,101.67,0.0268896,60,91,0.314514,-101.67,0.0112014,0.0156132,0.000517206,0.015673,0.0111416,1.45564
306,832,0.644553,101.553,0.0285316,69,91,0.644562,-101.554,0.0119521,0.0157609,0.000246136,0.0157767,0.0119362,1.50653
207,841,-0.383335,101.988,0.0281517,-30,82,-0.383331,-101.988,0.0114486,0.0121383,-0.00115295,0.0129969,0.01059,-0.930727
216,841,-0.293557,101.932,0.0233532,-21,82,-0.293564,-101.932,0.0108271,0.0126482,-0.000697709,0.0128848,0.0105906,-1.24388
225,841,-0.208485,101.882,0.0223509,-12,82,-0.208481,-101.882,0.0105369,0.0130791,-0.00035268,0.0131271,0.0104889,-1.43547
234,841,-0.103729,101.857,0.0234198,-3,82,-0.103729,-101.857,0.0103562,0.013465,-9.95323e-05,0.0134682,0.010353,-1.53882
243,841,-0.0348335,101.804,0.0228169,6,82,-0.0348358,-101.804,0.0102651,0.0138326,0.000110321,0.013836,0.0102616,1.53991
252,841,-0.00796065,101.793,0.0201123,15,82,-0.00796509,-101.793,0.0102647,0.0141803,0.00027735,0.0141998,0.0102451,1.50043
261,841,0.0242414,101.85,0.0188162,24,82,0.024231,-101.85,0.010356,0.0145062,0.000402081,0.0145448,0.0103174,1.4751
270,841,0.0981969,101.892,0.0235698,33,82,0.0982056,-101.892,0.0105398,0.0148088,0.000485072,0.0148632,0.0104854,1.45907
279,841,0.204918,101.863,0.0307855,42,82,0.204926,-101.863,0.0108168,0.0150862,0.000526879,0.0151502,0.0107527,1.44981
288,841,0.312276,101.855,0.0422646,51,82,0.312286,-101.855,0.0111874,0.0153365,0.000528045,0.0154026,0.0111212,1.44618
297,841,0.500589,101.861,0.0522571,60,82,0.50058,-101.861,0.0116519,0.0155579,0.000489088,0.0156182,0.0115916,1.44811
306,841,0.987646,101.823,0.0386292,69,82,0.98764,-101.823,0.0125044,0.0157029,0.000271462,0.0157258,0.0124815,1.48673
207,850,-0.461792,102.091,0.0276118,-30,73,-0.461792,-102.091,0.0101524,0.0117533,-0.00132699,0.0125026,0.00940314,-1.05679
216,850,-0.310782,102.021,0.0255543,-21,73,-0.310776,-102.021,0.00980099,0.0123276,-0.000890066,0.0126097,0.00951893,-1.26391
225,850,-0.207168,101.94,0.0215445,-12,73,-0.207169,-101.94,0.00972359,0.0127899,-0.000552759,0.0128865,0.00962699,-1.39778
234,850,-0.129653,101.901,0.0193994,-3,73,-0.129654,-101.901,0.00974361,0.0132227,-0.000292783,0.0132472,0.00971914,-1.48742
243,850,-0.0783261,101.882,0.0186025,6,73,-0.0783234,-101.882,0.0098436,0.013634,-7.05735e-05,0.0136353,0.00984228,-1.55219
252,850,-0.0132219,101.874,0.0180566,15,73,-0.0132294,-101.874,0.0100245,0.0140216,0.000114095,0.0140249,0.0100212,1.54228
261,850,0.0326205,101.885,0.018921,24,73,0.0326233,-101.885,0.010287,0.0143836,0.000261505,0.0144002,0.0102704,1.5073
270,850,0.133534,101.911,0.0246453,33,73,0.133545,-101.911,0.0106318,0.0147178,0.000371966,0.0147513,0.0105982,1.48075
279,850,0.316197,101.885,0.0328647,42,73,0.316193,-101.885,0.0110593,0.0150221,0.000445791,0.0150717,0.0110098,1.46014
288,850,0.288386,101.874,0.0327857,51,73,0.288391,-101.874,0.0115699,0.0152946,0.000483283,0.0153562,0.0115083,1.44384
297,850,0.220606,101.909,0.0320916,60,73,0.220612,-101.909,0.0121637,0.015533,0.00048472,0.0156013,0.0120954,1.43071
306,850,0.799672,101.887,0.0291206,69,73,0.799683,-101.887,0.0131158,0.0156814,0.000324255,0.0157218,0.0130754,1.44701
207,859,-0.539623,102.062,0.0260177,-30,64,-0.539627,-102.062,0.00901584,0.0116893,-0.00154015,0.0123919,0.00831322,-1.1428
216,859,-0.325322,102.031,0.0269332,-21,64,-0.325317,-102.031,0.00891815,0.0122756,-0.00111273,0.0126109,0.00858285,-1.27812
225,859,-0.201491,102,0.0231429,-12,64,-0.201492,-102,0.00903829,0.0127305,-0.000777432,0.0128875,0.00888127,-1.37151
234,859,-0.0915742,101.982,0.0197282,-3,64,-0.091568,-101.982,0.00924556,0.0131738,-0.000504659,0.0132376,0.00918176,-1.44505
243,859,-0.0866572,101.96,0.0162445,6,64,-0.0866547,-101.96,0.0095244,0.0135943,-0.000264489,0.0136114,0.00950729,-1.50617
252,859,-0.0271704,101.949,0.0166757,15,64,-0.0271759,-101.949,0.00987542,0.0139897,-5.68805e-05,0.0139905,0.00987463,-1.55697
261,859,0.0447584,101.938,0.0187655,24,64,0.0447693,-101.938,0.0102991,0.0143578,0.000118252,0.0143612,0.0102956,1.54169
270,859,0.198733,101.918,0.0267333,33,64,0.19873,-101.918,0.0107956,0.0146962,0.000261011,0.0147136,0.0107783,1.50428
279,859,0.388687,101.858,0.0444293,42,64,0.388672,-101.858,0.0113654,0.0150027,0.000371496,0.0150403,0.0113278,1.47005
288,859,0.192808,101.909,0.0353582,51,64,0.19281,-101.909,0.0120082,0.015275,0.000449784,0.0153358,0.0119474,1.43644
297,859,0.124074,101.901,0.0384466,60,64,0.124084,-101.901,0.012724,0.0155107,0.000495926,0.0155964,0.0126384,1.39983
306,859,0.619441,101.909,0.0391921,69,64,0.619446,-101.909,0.0137696,0.0156442,0.000399297,0.0157257,0.0136881,1.36943
207,868,-0.42739,102.037,0.0246296,-30,55,-0.427383,-102.037,0.00805773,0.0118234,-0.00177641,0.0125291,0.00735199,-1.19263
216,868,-0.265502,102.024,0.0274256,-21,55,-0.265503,-102.024,0.00820141,0.0123889,-0.00135228,0.0127877,0.00780269,-1.28407
225,868,-0.178709,102.019,0.0249321,-12,55,-0.178711,-102.019,0.00850747,0.0128185,-0.00101471,0.0130454,0.00828058,-1.35081
234,868,-0.0546438,102.034,0.0256529,-3,55,-0.0546417,-102.034,0.00889029,0.0132482,-0.000726174,0.013366,0.00877247,-1.40995
243,868,-0.0771222,102.039,0.016295,6,55,-0.0771179,-102.039,0.00933672,0.0136547,-0.000465839,0.0137044,0.00928703,-1.46454
252,868,-0.0240516,102.031,0.0180496,15,55,-0.0240479,-102.031,0.00984704,0.0140359,-0.000233824,0.0140489,0.00983403,-1.51521
261,868,0.0372964,102.03,0.0215112,24,55,0.0372925,-102.03,0.0104214,0.0143895,-3.02068e-05,0.0143898,0.0104212,-1.56318
270,868,0.198179,102.007,0.0292361,33,55,0.198181,-102.007,0.01106,0.0147132,0.000144946,0.014719,0.0110542,1.5312
279,868,0.394517,101.832,0.0433317,42,55,0.394531,-101.832,0.0117626,0.0150047,0.000291559,0.0150307,0.0117366,1.48182
288,868,0.319804,101.975,0.0360639,51,55,0.319794,-101.975,0.0125291,0.0152617,0.000409537,0.0153218,0.012469,1.42519
297,868,0.127604,102.003,0.043163,60,55,0.127594,-102.003,0.0133591,0.0154819,0.00049876,0.0155933,0.0132477,1.35116
306,868,0.394517,101.939,0.0383964,69,55,0.394531,-101.939,0.0144902,0.0155926,0.000463356,0.0157615,0.0143213,1.22128
207,877,-0.216269,102.023,0.0275316,-30,46,-0.216263,-102.023,0.00723308,0.0120765,-0.00202069,0.0128088,0.00650076,-1.22311
216,877,-0.201323,102.079,0.030226,-21,46,-0.201324,-102.079,0.00760682,0.0125952,-0.00159678,0.0130626,0.00713948,-1.28607
225,877,-0.140709,102.113,0.0231571,-12,46,-0.140701,-102.113,0.00809206,0.0129888,-0.00125512,0.0132918,0.0077891,-1.33395
234,877,-0.0657867,102.126,0.0234337,-3,46,-0.0657806,-102.126,0.00864554,0.0133879,-0.000951455,0.0135717,0.00846177,-1.38
243,877,-0.0468944,102.104,0.0211345,6,46,-0.0468903,-102.104,0.00925686,0.013765,-0.000672881,0.0138633,0.00915857,-1.42575
252,877,-0.0129137,102.141,0.0226978,15,46,-0.0129089,-102.141,0.00992601,0.0141179,-0.00041959,0.0141595,0.00988442,-1.47201
261,877,0.0495039,102.183,0.026497,24,46,0.0494995,-102.183,0.0106529,0.0144442,-0.000191748,0.0144539,0.0106432,-1.52039
270,877,0.1395,102.19,0.0299705,33,46,0.139496,-102.19,0.0114372,0.0147416,1.04904e-05,0.0147417,0.0114372,1.56762
279,877,0.299028,101.967,0.0355141,42,46,0.299042,-101.967,0.0122786,0.0150078,0.000186957,0.0150206,0.0122659,1.50272
288,877,0.385012,101.969,0.0323585,51,46,0.38501,-101.969,0.0131765,0.0152404,0.000337467,0.0152942,0.0131228,1.41277
297,877,0.223838,101.969,0.0360179,60,46,0.223846,-101.969,0.0141302,0.015437,0.000461813,0.0155838,0.0139835,1.26317
306,877,0.491373,101.917,0.0334508,69,46,0.491364,-101.917,0.0153688,0.0155197,0.000477232,0.0159274,0.0149611,0.863807
207,886,-0.151986,102.165,0.0220057,-30,37,-0.151993,-102.165,0.0065514,0.0125139,-0.00226823,0.0132787,0.00578663,-1.2456
216,886,-0.140404,102.166,0.0253077,-21,37,-0.140411,-102.166,0.00714028,0.0129667,-0.00184107,0.0134997,0.00660728,-1.289
225,886,-0.123812,102.17,0.0232026,-12,37,-0.12381,-102.17,0.00779562,0.0133104,-0.00149275,0.0136885,0.00741748,-1.3227
234,886,-0.0631197,102.154,0.0212639,-3,37,-0.0631256,-102.154,0.0085108,0.0136557,-0.00117446,0.0139111,0.00825538,-1.35665
243,886,-0.00697372,102.115,0.0218419,6,37,-0.00697327,-102.115,0.00927853,0.0139794,-0.0008796,0.0141386,0.00911934,-1.39175
252,886,0.0112662,102.191,0.026133,15,37,0.011261,-102.191,0.0100982,0.0142792,-0.000608419,0.0143659,0.0100115,-1.42919
261,886,0.0500082,102.316,0.0332473,24,37,0.0500183,-102.316,0.0109691,0.0145529,-0.000361124,0.0145889,0.0109331,-1.47136
270,886,0.120539,102.339,0.0345284,33,37,0.120544,-102.339,0.0118905,0.0147983,-0.000137903,0.0148049,0.011884,-1.52351
279,886,0.212548,102.292,0.0289488,42,37,0.212555,-102.292,0.0128612,0.0150132,6.10592e-05,0.0150149,0.0128595,1.54245
288,886,0.322941,102.068,0.0258588,51,37,0.322937,-102.068,0.0138802,0.0151951,0.000235574,0.015236,0.0138393,1.39875
297,886,0.326124,102.028,0.0263349,60,37,0.326111,-102.028,0.014946,0.0153417,0.000385452,0.0155771,0.0147106,1.02248
306,886,0.785883,101.981,0.0281035,69,37,0.785889,-101.981,0.0162797,0.0153728,0.000434549,0.0164543,0.0151982,0.382057
207,895,-0.180492,102.295,0.021507,-30,28,-0.180496,-102.295,0.0059599,0.0130294,-0.00250384,0.0138264,0.00516295,-1.26264
216,895,-0.124164,102.254,0.0239362,-21,28,-0.124161,-102.254,0.00676291,0.0134044,-0.00207534,0.0139996,0.00616774,-1.29151
225,895,-0.0904472,102.175,0.0245296,-12,28,-0.0904541,-102.175,0.00759225,0.0136889,-0.00172111,0.0141412,0.00713993,-1.3138
234,895,-0.0289182,102.161,0.0227155,-3,28,-0.0289154,-102.161,0.00847516,0.0139671,-0.00139199,0.0142998,0.0081425,-1.33621
243,895,0.0316535,102.122,0.023315,6,28,0.0316467,-102.122,0.00940773,0.0142253,-0.00108582,0.0144587,0.0091743,-1.35905
252,895,0.0486442,102.271,0.0282515,15,28,0.048645,-102.271,0.010389,0.0144613,-0.000802911,0.0146139,0.0102364,-1.38299
261,895,0.126806,102.38,0.0413845,24,28,0.126801,-102.38,0.0114178,0.0146731,-0.000543522,0.0147615,0.0113295,-1.40965
270,895,0.163959,102.389,0.0482691,33,28,0.163971,-102.389,0.0124932,0.0148586,-0.000307906,0.014898,0.0124537,-1.44345
288,895,0.277381,102.271,0.0290396,51,28,0.277374,-102.271,0.0147775,0.0151416,9.1019e-05,0.015163,0.014756,1.33898
297,895,0.353702,102.135,0.0251917,60,28,0.353699,-102.135,0.015983,0.0152344,0.000253833,0.016061,0.0151564,0.297937
306,895,1.00537,102.066,0.0276933,69,28,1.00537,-102.066,0.0174536,0.0152177,0.000317061,0.0174976,0.0151736,0.138178
207,904,-0.191282,102.433,0.0251483,-30,19,-0.191284,-102.433,0.00542335,0.0135754,-0.00271408,0.0143963,0.00460242,-1.27707
216,904,-0.111211,102.337,0.0276218,-21,19,-0.111206,-102.337,0.00644333,0.0138815,-0.00228355,0.0145267,0.00579822,-1.29547
225,904,-0.0509362,102.235,0.0258284,-12,19,-0.0509338,-102.235,0.00745705,0.0141069,-0.00192278,0.0146228,0.00694112,-1.30864
234,904,0.0131452,102.208,0.0237845,-3,19,0.0131378,-102.208,0.00852195,0.0143146,-0.00158572,0.0147203,0.00811628,-1.32034
243,904,0.0768383,102.214,0.0236968,6,19,0.0768433,-102.214,0.00963677,0.0145029,-0.00127283,0.0148157,0.00932395,-1.3298
252,904,0.128723,102.372,0.0285326,15,19,0.128723,-102.372,0.0108002,0.0146697,-0.000984536,0.0149058,0.0105641,-1.33544
261,904,0.317915,102.521,0.0426715,24,19,0.317902,-102.521,0.0120109,0.0148131,-0.000721205,0.0149878,0.0118362,-1.33311
270,904,0.239612,102.394,0.0421139,33,19,0.239624,-102.394,0.0132673,0.0149311,-0.000483204,0.0150613,0.0131372,-1.30769
288,904,0.276248,102.492,0.0442476,51,19,0.276245,-102.492,0.0159104,0.0150822,-8.46145e-05,0.015919,0.0150736,-0.100776
297,904,0.403981,102.281,0.0318607,60,19,0.403992,-102.281,0.0172929,0.0151105,7.52839e-05,0.0172955,0.0151079,0.0344413
306,904,1.0781,102.174,0.0263359,69,19,1.07809,-102.174,0.0189524,0.0150343,0.000126638,0.0189565,0.0150302,0.032276
207,913,-0.152986,102.444,0.0277738,-30,10,-0.152985,-102.444,0.00491846,0.0141202,-0.00288409,0.0149495,0.00408924,-1.29083
216,913,-0.076135,102.367,0.0296953,-21,10,-0.0761414,-102.367,0.00616025,0.0143688,-0.0024522,0.0150455,0.00548348,-1.30151
225,913,-0.0145146,102.335,0.0280945,-12,10,-0.0145111,-102.335,0.00737151,0.0145285,-0.00208491,0.0150915,0.00680844,-1.30702
234,913,0.0157305,102.344,0.0250596,-3,10,0.0157318,-102.344,0.00863834,0.0146712,-0.00174369,0.0151389,0.00817062,-1.30873
243,913,0.0520102,102.435,0.0233445,6,10,0.0520172,-102.435,0.00995923,0.0147954,-0.00142913,0.0151861,0.00956848,-1.3039
252,913,0.153084,102.568,0.0288977,15,10,0.153091,-102.568,0.0113327,0.0148993,-0.0011418,0.0152335,0.0109985,-1.28605
261,913,0.544469,102.387,0.054446,24,10,0.544464,-102.387,0.0127571,0.0149814,-0.000882227,0.0152888,0.0124497,-1.23549
270,913,0.238632,102.381,0.0455234,33,10,0.238647,-102.381,0.0142309,0.01504,-0.00065091,0.0154018,0.0138691,-1.06344
279,913,0.70166,102.369,0.0451992,42,10,0.70166,-102.369,0.0157524,0.0150734,-0.000448347,0.0159752,0.0148505,-0.461343
288,913,0.512602,102.643,0.0425267,51,10,0.512604,-102.643,0.0173195,0.0150797,-0.000275017,0.0173528,0.0150464,-0.120402
297,913,0.465281,102.364,0.0308391,60,10,0.465271,-102.365,0.0189301,0.015057,-0.000131378,0.0189346,0.0150526,-0.0338686
207,922,-0.06482,102.482,0.0287324,-30,1,-0.0648193,-102.482,0.00447726,0.0146054,-0.00300062,0.0154276,0.00365504,-1.30334
216,922,-0.0498904,102.427,0.0294064,-21,1,-0.0498962,-102.427,0.00593054,0.0148118,-0.00256979,0.0155018,0.00524058,-1.30849
225,922,-0.0242663,102.479,0.0277707,-12,1,-0.0242615,-102.479,0.00734127,0.0149176,-0.00219867,0.0155094,0.00674944,-1.30785
234,922,-0.00946557,102.538,0.0250164,-3,1,-0.00946045,-102.538,0.00881303,0.0150083,-0.00185618,0.0155219,0.00829947,-1.30087
243,922,0.0671762,102.934,0.0240787,6,1,0.0671692,-102.934,0.010344,0.0150825,-0.00154309,0.0155407,0.00988578,-1.28215
252,922,0.13839,102.731,0.0236695,15,1,0.138397,-102.731,0.0119323,0.0151388,-0.00126012,0.0155748,0.0114963,-1.23773
261,922,0.397567,102.384,0.0438916,24,1,0.397552,-102.384,0.0135762,0.0151758,-0.00100795,0.0156627,0.0130893,-1.12078
279,922,1.01735,102.447,0.0443576,42,1,1.01736,-102.447,0.0170232,0.0151863,-0.000598621,0.0172011,0.0150084,-0.288805
288,922,0.727381,102.447,0.0511336,51,1,0.727386,-102.447,0.0188224,0.0151571,-0.000442701,0.0188751,0.0151043,-0.118509
297,922,0.634078,102.292,0.0289062,60,1,0.634064,-102.292,0.020669,0.0151028,-0.000320053,0.0206874,0.0150845,-0.0572477
207,931,0.0347261,102.535,0.0290125,-30,-8,0.034729,-102.535,0.00407268,0.0150493,-0.00303735,0.0158337,0.00328826,-1.31806
216,931,-0.0220333,102.558,0.0277989,-21,-8,-0.0220337,-102.558,0.00573496,0.0152149,-0.00261674,0.0158892,0.00506063,-1.31859
225,931,0.00261529,103.054,0.0246398,-12,-8,0.00260925,-103.054,0.00735467,0.0152721,-0.00225019,0.0158669,0.00675983,-1.31236
234,931,-0.0233081,103.013,0.0244796,-3,-8,-0.0233154,-103.013,0.00904314,0.0153173,-0.0019149,0.0158556,0.00850488,-1.29678
243,931,0.0816747,103.239,0.0235674,6,-8,0.0816803,-103.239,0.0107982,0.015349,-0.00161181,0.0158621,0.0102852,-1.26264
252,931,0.306936,103.182,0.0234289,15,-8,0.306931,-103.182,0.0126177,0.0153658,-0.00134181,0.0159123,0.0120712,-1.18403
261,931,0.504204,102.409,0.0312192,24,-8,0.504211,-102.409,0.0144996,0.0153664,-0.00110575,0.0161207,0.0137454,-0.972161
270,931,0.590622,102.144,0.0395049,33,-8,0.590637,-102.144,0.0164418,0.0153494,-0.000904449,0.0169522,0.014839,-0.513757
288,931,0.832209,102.499,0.036894,51,-8,0.832214,-102.499,0.0204981,0.0152576,-0.00060919,0.020568,0.0151877,-0.114218
297,931,0.950562,102.452,0.0250339,60,-8,0.950562,-102.452,0.0226075,0.0151802,-0.000516665,0.0226432,0.0151444,-0.0691193
207,940,0.0599245,102.628,0.0332152,-30,-17,0.0599213,-102.628,0.00370257,0.0154702,-0.0029686,0.0161767,0.0029961,-1.33716
234,940,0.0173883,103.626,0.0233102,-3,-17,0.017395,-103.626,0.00933473,0.0155905,-0.00191107,0.0161281,0.00879712,-1.29657
243,940,0.090549,103.558,0.0207332,6,-17,0.0905457,-103.558,0.011328,0.0155818,-0.001631,0.0161352,0.0107746,-1.2437
252,940,0.269776,103.464,0.0206355,15,-17,0.269775,-103.464,0.0133937,0.0155628,-0.00138648,0.0162385,0.012718,-1.11731
261,940,0.472701,103.077,0.0240377,24,-17,0.472687,-103.077,0.0155294,0.015532,-0.00117849,0.0167092,0.0143522,-0.785941
270,940,0.562247,102.686,0.0286062,33,-17,0.562256,-102.686,0.0177327,0.0154879,-0.001008,0.0181189,0.0151017,-0.365869
279,940,0.677855,102.895,0.0325605,42,-17,0.677856,-102.895,0.0200012,0.0154291,-0.000875927,0.0201633,0.0152671,-0.182954
288,940,0.827053,102.798,0.0275529,51,-17,0.827057,-102.798,0.0223324,0.0153543,-0.000783136,0.0224192,0.0152675,-0.110399
297,940,1.1878,102.62,0.0235717,60,-17,1.18781,-102.62,0.0247235,0.015262,-0.000730442,0.0247796,0.0152059,-0.0765964
207,949,-0.11568,103.039,0.0385421,-30,-26,-0.115677,-103.039,0.00339692,0.0158661,-0.00277659,0.0164565,0.00280659,-1.36131
216,949,0.00521272,103.776,0.0347783,-21,-26,0.00521851,-103.776,0.00546926,0.0159195,-0.00242577,0.0164551,0.00493363,-1.35347
225,949,0.0423221,103.802,0.0272132,-12,-26,0.0423279,-103.802,0.00752848,0.0158823,-0.00211456,0.016387,0.00702373,-1.33648
234,949,0.0479736,103.806,0.0242528,-3,-26,0.0479736,-103.807,0.00967603,0.0158443,-0.00183833,0.0163506,0.00916971,-1.30204
243,949,0.0819816,103.786,0.0193855,6,-26,0.0819855,-103.786,0.011909,0.0158037,-0.00159826,0.0163756,0.0113371,-1.22717
252,949,0.184637,103.723,0.0191611,15,-26,0.184631,-103.723,0.0142245,0.0157589,-0.00139547,0.0165842,0.0133992,-1.03673
261,949,0.293007,103.673,0.0224129,24,-26,0.292999,-103.673,0.0166197,0.0157081,-0.00123106,0.0174766,0.0148512,-0.60811
270,949,0.364841,103.622,0.025243,33,-26,0.364838,-103.622,0.0190917,0.0156498,-0.00110606,0.0194165,0.015325,-0.285613
279,949,0.435064,103.523,0.0262835,42,-26,0.435059,-103.523,0.0216376,0.0155821,-0.00102145,0.0218053,0.0154145,-0.162686
288,949,0.80646,103.143,0.023881,51,-26,0.806458,-103.143,0.0242547,0.0155034,-0.000978177,0.0243627,0.0153954,-0.109968
297,949,1.1828,103.011,0.025546,60,-26,1.1828,-103.011,0.0269397,0.0154119,-0.000977101,0.0270219,0.0153297,-0.0839624
207,958,-0.145803,103.533,0.0316462,-30,-35,-0.145798,-103.533,0.00316405,0.0162201,-0.00245038,0.0166649,0.00271931,-1.39125
216,958,-0.00244016,103.871,0.0295181,-21,-35,-0.00244141,-103.871,0.00542982,0.016214,-0.00216485,0.0166323,0.00501146,-1.3799
225,958,0.0415398,103.868,0.0256589,-12,-35,0.0415344,-103.868,0.00770723,0.0161413,-0.00191191,0.0165545,0.00729406,-1.35797
234,958,0.040663,103.859,0.0220798,-3,-35,0.0406647,-103.859,0.0100831,0.0160755,-0.0016944,0.0165214,0.00963721,-1.31345
243,958,0.0507081,103.84,0.0165203,6,-35,0.050705,-103.84,0.0125543,0.0160144,-0.00151351,0.016583,0.0119857,-1.21143
252,958,0.123291,103.843,0.0188419,15,-35,0.123291,-103.843,0.0151174,0.0159562,-0.00137037,0.0169699,0.0141037,-0.933902
261,958,0.185086,103.834,0.0212079,24,-35,0.185089,-103.834,0.0177692,0.015899,-0.00126607,0.0184081,0.0152602,-0.467321
270,958,0.233684,103.803,0.0241518,33,-35,0.233673,-103.803,0.0205065,0.0158408,-0.00120165,0.0207978,0.0155495,-0.237828
279,958,0.364879,103.714,0.0244306,42,-35,0.364868,-103.714,0.0233259,0.0157795,-0.00117813,0.0235056,0.0155998,-0.151322
288,958,0.836127,103.466,0.0276443,51,-35,0.836121,-103.466,0.0262242,0.015713,-0.00119646,0.0263587,0.0155785,-0.111919
297,958,1.34381,103.313,0.0298309,60,-35,1.34381,-103.313,0.0291981,0.015639,-0.00125753,0.0293137,0.0155233,-0.0917021
216,967,0.00617652,103.98,0.0309187,-21,-44,0.00617981,-103.98,0.00547531,0.0164391,-0.00179472,0.0167254,0.005189,-1.4126
225,967,0.0341624,103.946,0.0266464,-12,-44,0.0341644,-103.946,0.00795743,0.0163233,-0.00161763,0.0166252,0.00765554,-1.38629
234,967,0.0460748,103.932,0.0230234,-3,-44,0.0460815,-103.932,0.0105496,0.0162234,-0.0014764,0.0165846,0.0101884,-1.33087
243,967,0.102938,103.876,0.0185873,6,-44,0.102936,-103.876,0.0132482,0.0161377,-0.00137205,0.0166854,0.0127005,-1.191
252,967,0.191989,103.871,0.020555,15,-44,0.191986,-103.871,0.0160492,0.0160644,-0.00130551,0.0173623,0.0147513,-0.788291
261,967,0.221473,103.868,0.0218808,24,-44,0.221466,-103.868,0.0189489,0.0160015,-0.00127765,0.0194256,0.0155248,-0.357131
270,967,0.237107,103.85,0.0237792,33,-44,0.237122,-103.85,0.0219431,0.0159471,-0.00128928,0.0222086,0.0156817,-0.203071
279,967,0.370435,103.786,0.0246151,42,-44,0.370422,-103.786,0.0250278,0.0158991,-0.0013412,0.0252208,0.0157062,-0.1429
288,967,0.834873,103.59,0.0325851,51,-44,0.834869,-103.59,0.0281988,0.0158552,-0.00143413,0.0283632,0.0156907,-0.114158
297,967,1.56424,103.485,0.0324199,60,-44,1.56424,-103.485,0.0314519,0.0158128,-0.00156875,0.0316077,0.015657,-0.0989955
207,976,-0.00292344,104.07,0.0206232,-30,-53,-0.00292969,-104.07,0.00301689,0.0167179,-0.00143988,0.0168676,0.00286721,-1.46721
216,976,0.0902589,104.089,0.0250428,-21,-53,0.0902557,-104.089,0.00562133,0.016597,-0.00133232,0.0167564,0.00546191,-1.45171
225,976,0.117783,104.062,0.0280157,-12,-53,0.117783,-104.062,0.0082943,0.0164663,-0.00125003,0.0166533,0.00810737,-1.42235
234,976,0.134662,103.988,0.0287194,-3,-53,0.134659,-103.988,0.0110849,0.0163592,-0.0012026,0.0166204,0.0108237,-1.35687
243,976,0.211051,103.892,0.0269861,6,-53,0.211044,-103.892,0.0139893,0.0162739,-0.00119079,0.0167817,0.0134815,-1.16771
252,976,0.298884,103.882,0.0236996,15,-53,0.298889,-103.882,0.0170031,0.0162087,-0.00121527,0.0178844,0.0153274,-0.627458
261,976,0.303741,103.878,0.0227749,24,-53,0.303741,-103.878,0.0201221,0.0161617,-0.00127667,0.0204979,0.0157858,-0.28633
270,976,0.28696,103.883,0.0232701,33,-53,0.286957,-103.883,0.0233419,0.0161308,-0.0013756,0.0235954,0.0158773,-0.18224
279,976,0.406354,103.844,0.0240526,42,-53,0.406342,-103.844,0.0266581,0.0161139,-0.00151261,0.0268708,0.0159012,-0.139701
288,976,1.16058,103.812,0.032728,51,-53,1.16058,-103.812,0.0300664,0.0161084,-0.00168824,0.0302677,0.0159071,-0.118672
207,985,0.083749,104.085,0.0248004,-30,-62,0.0837555,-104.085,0.00312326,0.016824,-0.000804923,0.0168712,0.00307613,-1.51231
216,985,0.144079,104.137,0.0327907,-21,-62,0.144073,-104.136,0.00587105,0.016678,-0.000805114,0.0167377,0.0058114,-1.49684
225,985,0.207973,104.181,0.0407219,-12,-62,0.207977,-104.181,0.0087118,0.0165448,-0.000829932,0.0166318,0.00862483,-1.46639
234,985,0.231898,104.111,0.0439039,-3,-62,0.231903,-104.111,0.0116751,0.0164415,-0.00088766,0.0166015,0.0115152,-1.39252
243,985,0.295204,103.983,0.0321027,6,-62,0.295197,-103.983,0.0147569,0.0163665,-0.000978695,0.0168288,0.0142946,-1.12951
252,985,0.437967,103.937,0.0273573,15,-62,0.437973,-103.937,0.0179526,0.0163182,-0.00110339,0.0185085,0.0157624,-0.466662
261,985,0.407633,103.905,0.0228443,24,-62,0.407623,-103.905,0.0212578,0.0162947,-0.00126206,0.0215603,0.0159922,-0.235242
270,985,0.371198,103.913,0.0236055,33,-62,0.371185,-103.913,0.0246681,0.016294,-0.00145501,0.0249137,0.0160484,-0.167225
279,985,0.496196,103.91,0.0245635,42,-62,0.496185,-103.91,0.0281787,0.016314,-0.00168255,0.0284127,0.01608,-0.138181
297,985,2.07908,103.999,0.0322932,60,-62,2.07907,-103.999,0.0354833,0.0164058,-0.00224263,0.0357434,0.0161457,-0.115457
207,994,0.102697,104.037,0.023459,-30,-71,0.102692,-104.037,0.00336399,0.016849,-0.000131481,0.0168502,0.0033627,-1.56105
216,994,0.145633,104.1,0.0371646,-21,-71,0.14563,-104.1,0.00622762,0.0166905,-0.000245239,0.0166963,0.00622187,-1.54737
225,994,0.238535,104.153,0.0463608,-12,-71,0.238541,-104.153,0.00920402,0.016561,-0.000384558,0.0165811,0.00918397,-1.51871
234,994,0.2839,104.135,0.0521959,-3,-71,0.283905,-104.135,0.0123048,0.0164659,-0.000553956,0.0165384,0.0122323,-1.44069
243,994,0.360989,104.068,0.0369252,6,-71,0.360992,-104.068,0.0155258,0.016404,-0.000753454,0.0168369,0.0150928,-1.04923
252,994,0.495553,104.016,0.0291525,15,-71,0.49556,-104.016,0.0188626,0.0163736,-0.000983048,0.019204,0.0160322,-0.334285
261,994,0.493479,103.982,0.0252334,24,-71,0.493469,-103.982,0.0223109,0.0163734,-0.00124272,0.0225605,0.0161238,-0.198217
270,994,0.575856,104.008,0.0335432,33,-71,0.575867,-104.008,0.0258664,0.0164014,-0.00153245,0.0261083,0.0161594,-0.156579
288,994,1.84341,104.109,0.0357517,51,-71,1.84341,-104.109,0.0332814,0.0165342,-0.00220216,0.0335662,0.0162495,-0.128583
297,994,2.14243,104.082,0.0305142,60,-71,2.14243,-104.082,0.0371327,0.0166346,-0.00258232,0.037453,0.0163143,-0.12341
207,1003,0.0317675,104.01,0.022504,-30,-80,0.0317688,-104.01,0.00371225,0.0167925,0.00053918,0.0168147,0.00369007,1.52967
216,1003,0.0222886,104.039,0.0325653,-21,-80,0.0222931,-104.039,0.00667038,0.0166387,0.000309233,0.0166483,0.0066608,1.53981
225,1003,0.160213,104.11,0.0440054,-12,-80,0.160217,-104.11,0.009757,0.016523,5.2623e-05,0.0165234,0.00975659,1.56302
234,1003,0.227152,104.176,0.0451017,-3,-80,0.227158,-104.176,0.0129684,0.0164445,-0.000230369,0.0164597,0.0129532,-1.50491
243,1003,0.381227,104.101,0.0355997,6,-80,0.381226,-104.101,0.0163007,0.0164022,-0.000539447,0.0168933,0.0158097,-0.832288
252,1003,0.471081,104.054,0.0367904,15,-80,0.471085,-104.054,0.0197502,0.0163948,-0.000874318,0.0199643,0.0161807,-0.240212
261,1003,0.539062,104.098,0.0388239,24,-80,0.539062,-104.098,0.0233128,0.0164209,-0.0012347,0.0235273,0.0162064,-0.172028
279,1003,1.60112,104.271,0.0593453,42,-80,1.60114,-104.271,0.0307631,0.0165673,-0.00203109,0.031048,0.0162824,-0.139353
288,1003,1.89967,104.235,0.0460571,51,-80,1.89966,-104.235,0.0346438,0.0166841,-0.00246679,0.0349765,0.0163514,-0.134045
297,1003,2.13494,104.13,0.0299841,60,-80,2.13495,-104.13,0.038624,0.0168272,-0.00292744,0.0390103,0.0164408,-0.131208
207,1012,0.0142855,104.131,0.0218966,-30,-89,0.0142822,-104.131,0.00419371,0.0166818,0.00118601,0.0167934,0.00408208,1.47694
216,1012,0.0115941,104.137,0.0250094,-21,-89,0.0115967,-104.137,0.00722535,0.0165427,0.000830422,0.0166162,0.00715192,1.4826
225,1012,0.117181,104.175,0.0336408,-12,-89,0.117188,-104.175,0.0103799,0.0164427,0.000452942,0.0164763,0.0103463,1.49664
234,1012,0.243945,104.101,0.0324457,-3,-89,0.243942,-104.101,0.0136535,0.0163807,5.43552e-05,0.0163818,0.0136524,1.55088
243,1012,0.342586,104.119,0.0351596,6,-89,0.34259,-104.119,0.017042,0.016356,-0.00036459,0.0171996,0.0161984,-0.407939
252,1012,0.486101,104.164,0.0335583,15,-89,0.486099,-104.164,0.0205414,0.0163672,-0.000803198,0.0206906,0.016218,-0.183684
261,1012,0.636895,104.185,0.0384362,24,-89,0.636902,-104.185,0.0241477,0.0164132,-0.00126084,0.0243481,0.0162128,-0.15758
279,1012,1.53188,104.155,0.0272189,42,-89,1.53189,-104.155,0.0316658,0.0166031,-0.00223115,0.0319893,0.0162795,-0.144005
288,1012,1.81153,104.119,0.0248494,51,-89,1.81152,-104.119,0.0355703,0.0167436,-0.00274303,0.0359618,0.016352,-0.141773
207,1021,0.0840577,104.232,0.0219066,-30,-98,0.0840607,-104.232,0.00479114,0.0164931,0.00175142,0.0167496,0.00453463,1.42537
216,1021,0.13195,104.261,0.0202175,-21,-98,0.131943,-104.261,0.00786166,0.0163796,0.001278,0.0165672,0.00767404,1.42503
225,1021,0.292391,104.246,0.023628,-12,-98,0.292389,-104.246,0.0110486,0.0163048,0.000787882,0.0164204,0.0109331,1.42516
234,1021,0.384452,104.181,0.0257052,-3,-98,0.384445,-104.181,0.0143483,0.0162683,0.000282212,0.0163089,0.0143077,1.42783
243,1021,0.317992,104.139,0.0277847,6,-98,0.317993,-104.139,0.0177569,0.0162692,-0.000237917,0.017794,0.0162321,-0.154785
252,1021,0.374989,104.206,0.0273917,15,-98,0.374985,-104.206,0.0212705,0.0163068,-0.000771502,0.0213877,0.0161897,-0.150694
261,1021,0.619851,104.226,0.0320274,24,-98,0.619843,-104.226,0.0248854,0.01638,-0.00131763,0.0250848,0.0161806,-0.150228
279,1021,1.44229,103.909,0.0424393,42,-98,1.44229,-103.909,0.0324042,0.0166281,-0.00244445,0.0327743,0.016258,-0.150254
288,1021,1.82293,104.013,0.0347126,51,-98,1.82294,-104.013,0.0363013,0.0168,-0.00302391,0.0367594,0.0163419,-0.15036
207,1030,0.159903,104.361,0.0229136,-30,-107,0.159897,-104.361,0.00556788,0.0161414,0.00213449,0.0165561,0.00515325,1.37893
216,1030,0.254191,104.404,0.0220211,-21,-107,0.254196,-104.404,0.00862753,0.0160849,0.00157229,0.0164028,0.00830958,1.37127
225,1030,0.437202,104.359,0.0253653,-12,-107,0.437195,-104.359,0.0117956,0.0160613,0.000995262,0.0162821,0.0115748,1.3525
234,1030,0.391916,104.214,0.0283904,-3,-107,0.391922,-104.214,0.0150685,0.0160712,0.000405487,0.0162147,0.014925,1.23077
243,1030,0.285459,104.183,0.0287817,6,-107,0.285461,-104.183,0.0184424,0.0161149,-0.000195123,0.0184587,0.0160987,-0.0830606
252,1030,0.310863,104.238,0.0281533,15,-107,0.310867,-104.238,0.0219137,0.0161923,-0.000804848,0.0220248,0.0160813,-0.137128
261,1030,0.495174,104.316,0.0284862,24,-107,0.495178,-104.316,0.0254788,0.0163033,-0.00142216,0.0256942,0.0160879,-0.150298
270,1030,0.874789,104.232,0.0249881,33,-107,0.874786,-104.232,0.029134,0.0164473,-0.0020457,0.0294557,0.0161256,-0.155983
279,1030,1.33112,104.216,0.0260001,42,-107,1.33112,-104.216,0.032876,0.0166238,-0.00267432,0.0333048,0.0161951,-0.158969
288,1030,1.78393,104.135,0.0221777,51,-107,1.78394,-104.135,0.0367014,0.016832,-0.00330701,0.0372374,0.016296,-0.160668
207,1039,0.190355,104.635,0.0219861,-30,-116,0.190353,-104.635,0.00650202,0.0158229,0.00232263,0.0163696,0.00595531,1.33962
216,1039,0.270855,104.602,0.0238583,-21,-116,0.270859,-104.602,0.00950384,0.015815,0.00169794,0.0162429,0.00907603,1.32398
225,1039,0.406956,104.564,0.0265544,-12,-116,0.406952,-104.564,0.0126053,0.0158316,0.00105946,0.0161484,0.0122885,1.28024
234,1039,0.428779,104.348,0.0293585,-3,-116,0.428772,-104.348,0.015803,0.0158743,0.000410111,0.0162503,0.015427,0.828732
243,1039,0.332961,104.243,0.0338541,6,-116,0.332962,-104.243,0.0190935,0.0159446,-0.000247435,0.0191128,0.0159253,-0.0779407
252,1039,0.396028,104.281,0.0329831,15,-116,0.396027,-104.281,0.0224731,0.0160437,-0.000910796,0.0225996,0.0159171,-0.138043
261,1039,0.660703,104.363,0.0348399,24,-116,0.660706,-104.363,0.0259384,0.0161726,-0.00157784,0.026187,0.015924,-0.156273
279,1039,1.39554,104.296,0.0330156,42,-116,1.39554,-104.296,0.0331115,0.0165223,-0.00291566,0.033609,0.0160248,-0.169012
288,1039,1.83639,104.21,0.0259359,51,-116,1.8364,-104.21,0.0368123,0.016744,-0.0035833,0.0374329,0.0161234,-0.171498
207,1048,0.174718,105.178,0.0216738,-30,-125,0.174713,-105.178,0.00755848,0.0153234,0.00238439,0.0159972,0.00688476,1.29542
216,1048,0.270815,105.137,0.023282,-21,-125,0.270813,-105.137,0.0104588,0.0153888,0.00171953,0.0159293,0.00991835,1.26624
225,1048,0.375291,105.033,0.0273065,-12,-125,0.37529,-105.033,0.0134487,0.0154691,0.00104066,0.0159093,0.0130086,1.17068
234,1048,0.503977,104.69,0.0312944,-3,-125,0.503983,-104.69,0.0165249,0.0155672,0.000351363,0.0166399,0.0154521,0.316513
243,1048,0.423176,104.358,0.0317898,6,-125,0.423172,-104.358,0.019684,0.0156851,-0.000345057,0.0197136,0.0156555,-0.0854459
252,1048,0.579011,104.341,0.0337736,15,-125,0.57901,-104.341,0.0229227,0.015825,-0.0010456,0.0230736,0.0156742,-0.14326
261,1048,0.964641,104.411,0.034075,24,-125,0.96463,-104.411,0.0262375,0.0159887,-0.00174752,0.0265273,0.0156989,-0.164325
270,1048,1.1935,104.536,0.0309081,33,-125,1.19348,-104.536,0.0296247,0.0161777,-0.00244832,0.0300566,0.0157458,-0.17461
279,1048,1.56484,104.395,0.0347195,42,-125,1.56485,-104.395,0.0330806,0.0163936,-0.00314575,0.033654,0.0158202,-0.180274
288,1048,1.84924,104.324,0.0245917,51,-125,1.84924,-104.324,0.0366015,0.0166373,-0.00383776,0.0373138,0.015925,-0.183521
207,1057,0.173419,105.636,0.0200744,-30,-134,0.173416,-105.636,0.00873975,0.0148017,0.00226671,0.0155555,0.00798592,1.24974
216,1057,0.264773,105.601,0.0262343,-21,-134,0.264771,-105.601,0.011494,0.0149369,0.00159265,0.0155606,0.0108703,1.19752
225,1057,0.323035,105.525,0.0398383,-12,-134,0.323029,-105.525,0.0143263,0.0150783,0.000904236,0.0156816,0.013723,0.982428
234,1057,0.547269,105.062,0.0273587,-3,-134,0.547272,-105.062,0.0172338,0.0152289,0.000205385,0.0172546,0.0152081,0.101045
243,1057,0.459157,104.522,0.0276092,6,-134,0.459152,-104.522,0.0202133,0.0153915,-0.00050027,0.0202647,0.0153402,-0.102299
279,1057,1.81958,104.559,0.037714,42,-134,1.81958,-104.559,0.0327841,0.0162092,-0.00332659,0.0334268,0.0155665,-0.190857
288,1057,1.91363,104.599,0.0323269,51,-134,1.91364,-104.599,0.036071,0.016466,-0.00401988,0.0368632,0.0156738,-0.194586
207,1066,0.160575,105.767,0.0199454,-30,-143,0.160568,-105.767,0.0100326,0.0142678,0.00190975,0.0150018,0.00929869,1.20388
216,1066,0.212383,105.804,0.0287364,-21,-143,0.212387,-105.804,0.0125954,0.0144613,0.00127234,0.0151061,0.0119506,1.10175
225,1066,0.243763,105.806,0.0429492,-12,-143,0.243759,-105.806,0.0152245,0.0146536,0.00061887,0.0156206,0.0142575,0.569311
234,1066,0.418708,105.226,0.0276466,-3,-143,0.418701,-105.226,0.0179175,0.0148478,-4.66006e-05,0.0179182,0.0148471,-0.015176
243,1066,0.328473,104.563,0.0352238,6,-143,0.328476,-104.562,0.0206714,0.0150466,-0.000720244,0.0207622,0.0149558,-0.125353
252,1066,0.661593,104.738,0.0276628,15,-143,0.661591,-104.738,0.023483,0.0152527,-0.00139842,0.0237142,0.0150216,-0.163789
261,1066,1.17113,105.167,0.0300253,24,-143,1.17114,-105.167,0.026349,0.0154687,-0.00207768,0.0267322,0.0150854,-0.18241
270,1066,1.54862,105.421,0.0301539,33,-143,1.54861,-105.421,0.0292654,0.0156969,-0.00275472,0.0298033,0.015159,-0.192855
279,1066,1.85007,105.428,0.0264813,42,-143,1.85007,-105.428,0.0322281,0.0159398,-0.00342641,0.0329195,0.0152484,-0.19912
288,1066,1.93677,105.148,0.0259048,51,-143,1.93677,-105.148,0.0352327,0.0161994,-0.00408976,0.0360743,0.0153579,-0.202943
207,1075,0.101396,105.846,0.0218393,-30,-152,0.101395,-105.846,0.0111661,0.0137475,0.00155891,0.0144807,0.0104329,1.13117
216,1075,0.119521,105.893,0.0302967,-21,-152,0.119522,-105.893,0.0135699,0.0139936,0.000946184,0.0147513,0.0128121,0.895528
225,1075,0.178081,105.825,0.0311052,-12,-152,0.178085,-105.825,0.0160261,0.0142341,0.000318689,0.0160811,0.0141791,0.170859
234,1075,0.289127,105.379,0.0293574,-3,-152,0.289124,-105.38,0.0185323,0.0144716,-0.000319759,0.0185574,0.0144466,-0.078103
243,1075,0.369287,104.855,0.0303248,6,-152,0.369293,-104.855,0.0210857,0.0147088,-0.000965493,0.0212287,0.0145658,-0.147015
252,1075,0.417079,105.114,0.0263643,15,-152,0.417084,-105.115,0.023683,0.0149479,-0.00161498,0.023972,0.0146589,-0.177088
261,1075,0.996272,105.506,0.0256126,24,-152,0.996277,-105.506,0.0263207,0.0151916,-0.0022648,0.0267639,0.0147483,-0.193265
270,1075,1.49362,105.685,0.0268486,33,-152,1.49362,-105.685,0.0289946,0.015442,-0.00291165,0.0295937,0.0148429,-0.202914
279,1075,1.79749,105.652,0.0267129,42,-152,1.79749,-105.652,0.0317005,0.0157016,-0.00355233,0.0324537,0.0149483,-0.208957
288,1075,1.94244,105.675,0.0284479,51,-152,1.94244,-105.675,0.0344332,0.0159725,-0.00418374,0.0353371,0.0150686,-0.21278
207,1084,0.0744588,105.876,0.0216271,-30,-161,0.0744629,-105.876,0.0123108,0.0130924,0.00102899,0.0138023,0.0116009,0.966869
216,1084,0.110739,105.894,0.0267705,-21,-161,0.110733,-105.894,0.0145365,0.0133752,0.000458898,0.014696,0.0132158,0.334402
225,1084,0.193481,105.86,0.0290884,-12,-161,0.193481,-105.86,0.0168002,0.0136495,-0.000124208,0.0168051,0.0136447,-0.0393409
234,1084,0.298551,105.23,0.0307361,-3,-161,0.298553,-105.23,0.0190995,0.0139174,-0.000716875,0.0191968,0.01382,-0.134961
243,1084,0.399322,105.296,0.0282207,6,-161,0.399323,-105.296,0.0214315,0.0141808,-0.00131573,0.0216628,0.0139494,-0.174071
252,1084,0.795062,105.572,0.0268382,15,-161,0.795059,-105.572,0.0237931,0.0144418,-0.00191745,0.024171,0.0140639,-0.19459
261,1084,1.13616,105.759,0.0225904,24,-161,1.13617,-105.759,0.0261806,0.0147027,-0.00251876,0.026709,0.0141743,-0.206787
270,1084,1.58652,105.855,0.0269935,33,-161,1.58652,-105.855,0.0285901,0.0149653,-0.00311646,0.0292691,0.0142863,-0.214524
279,1084,1.74834,105.798,0.0248443,42,-161,1.74835,-105.798,0.0310168,0.0152318,-0.00370733,0.0318441,0.0144045,-0.21957
288,1084,1.82225,105.79,0.0334426,51,-161,1.82224,-105.79,0.0334556,0.0155044,-0.00428825,0.0344274,0.0145326,-0.222851
207,1093,0.074697,105.88,0.0224189,-30,-170,0.0746918,-105.88,0.0134524,0.012228,0.00033196,0.0135366,0.0121438,0.248448
216,1093,0.0959199,105.881,0.023467,-21,-170,0.0959167,-105.881,0.0154845,0.0125335,-0.000183709,0.0154959,0.0125221,-0.0619331
225,1093,0.199144,105.861,0.0250264,-12,-170,0.199142,-105.861,0.0175398,0.012829,-0.000709927,0.0176445,0.0127244,-0.146373
234,1093,0.385481,105.762,0.0271404,-3,-170,0.385483,-105.762,0.0196158,0.0131163,-0.00124365,0.0198456,0.0128865,-0.182749
243,1093,0.556775,105.719,0.0274546,6,-170,0.556778,-105.719,0.0217098,0.0133971,-0.00178184,0.0220756,0.0130312,-0.202501
252,1093,0.976706,105.745,0.0267856,15,-170,0.9767,-105.745,0.0238189,0.0136731,-0.00232145,0.0243248,0.0131671,-0.214586
261,1093,1.28451,105.767,0.0241043,24,-170,1.28452,-105.767,0.0259394,0.0139462,-0.00285943,0.0265862,0.0132994,-0.222476
270,1093,1.60849,105.858,0.0252811,33,-170,1.60849,-105.858,0.0280673,0.0142184,-0.00339268,0.0288538,0.013432,-0.227791
279,1093,1.73912,105.837,0.0272745,42,-170,1.73914,-105.837,0.0301982,0.0144917,-0.00391808,0.0311213,0.0135686,-0.231389
207,1102,0.135665,105.964,0.0247894,-30,-179,0.135666,-105.964,0.0145768,0.0110906,-0.000516448,0.0146517,0.0110157,-0.144022
216,1102,0.09559,105.896,0.0215155,-21,-179,0.0955963,-105.896,0.0164039,0.0114099,-0.000970083,0.0165857,0.0112281,-0.185275
225,1102,0.189278,105.908,0.0234327,-12,-179,0.189285,-105.908,0.0182393,0.0117193,-0.00143121,0.0185396,0.011419,-0.206843
234,1102,0.323891,105.944,0.0264687,-3,-179,0.323883,-105.944,0.0200808,0.0120204,-0.00189725,0.020505,0.0115962,-0.219991
243,1102,0.520314,105.861,0.0278785,6,-179,0.520309,-105.861,0.021926,0.0123148,-0.0023656,0.0224767,0.0117641,-0.228718
252,1102,0.864772,105.777,0.0264395,15,-179,0.864777,-105.777,0.023772,0.0126043,-0.00283359,0.0244499,0.0119265,-0.234798
261,1102,1.30006,105.757,0.0241119,24,-179,1.30005,-105.757,0.0256157,0.0128907,-0.00329847,0.0264199,0.0120866,-0.239139
270,1102,1.62663,105.87,0.0247522,33,-179,1.62662,-105.87,0.0274532,0.0131763,-0.00375742,0.0283817,0.0122478,-0.242258
279,1102,1.73278,105.867,0.0273256,42,-179,1.73279,-105.867,0.0292804,0.0134633,-0.00420752,0.03033,0.0124137,-0.244468
288,1102,1.7498,105.845,0.0337121,51,-179,1.74979,-105.845,0.0310924,0.0137541,-0.00464576,0.0322588,0.0125878,-0.245975
207,1111,0.162626,106.056,0.0263016,-30,-188,0.162628,-106.056,0.0156311,0.00970551,-0.00149073,0.015985,0.00935162,-0.233082
216,1111,0.117557,105.987,0.0198713,-21,-188,0.117554,-105.987,0.0172541,0.0100249,-0.00187732,0.0177126,0.00956642,-0.23951
225,1111,0.187841,105.984,0.0247851,-12,-188,0.187836,-105.984,0.0188736,0.010332,-0.00226876,0.0194388,0.00976676,-0.244155
234,1111,0.334455,106,0.0263055,-3,-188,0.334457,-106,0.020488,0.0106278,-0.00266305,0.0211612,0.00995456,-0.247631
243,1111,0.404117,105.936,0.0260009,6,-188,0.404114,-105.936,0.0220952,0.0109136,-0.00305815,0.0228769,0.0101319,-0.250268
252,1111,0.741027,105.853,0.0288399,15,-188,0.741028,-105.853,0.0236931,0.0111906,-0.00345189,0.0245828,0.0103009,-0.252264
261,1111,1.18418,105.836,0.0258176,24,-188,1.18417,-105.836,0.0252789,0.0114604,-0.00384202,0.0262753,0.010464,-0.253745
270,1111,1.60773,105.922,0.0253616,33,-188,1.60773,-105.922,0.0268496,0.0117244,-0.00422615,0.0279503,0.0106237,-0.254797
279,1111,1.72576,105.95,0.0253035,42,-188,1.72577,-105.949,0.0284015,0.0119846,-0.00460176,0.0296034,0.0107827,-0.255478
198,1120,0.209145,106.154,0.0316106,-39,-197,0.209152,-106.154,0.0152015,0.00774572,-0.00227738,0.0158421,0.00710514,-0.274198
207,1120,0.189369,106.099,0.0226876,-30,-197,0.189362,-106.099,0.0166285,0.00807543,-0.00258431,0.0173487,0.00735523,-0.271788
216,1120,0.221886,106.086,0.0211972,-21,-197,0.221878,-106.086,0.018042,0.00838932,-0.00289447,0.0188434,0.00758791,-0.270109
225,1120,0.26024,106.071,0.025733,-12,-197,0.260239,-106.071,0.0194411,0.00868793,-0.0032065,0.0203246,0.00780438,-0.268878
234,1120,0.469178,106.014,0.029606,-3,-197,0.469177,-106.014,0.0208248,0.00897199,-0.00351899,0.0217908,0.00800597,-0.267917
243,1120,0.731694,106.038,0.0254347,6,-197,0.731689,-106.038,0.0221918,0.00924236,-0.00383044,0.02324,0.00819416,-0.267111
252,1120,0.977699,106.016,0.0249413,15,-197,0.977692,-106.016,0.0235404,0.00950005,-0.00413928,0.0246698,0.00837059,-0.266378
261,1120,1.23631,106.002,0.0242604,24,-197,1.2363,-106.002,0.0248687,0.0097462,-0.00444375,0.0260778,0.00853708,-0.265663
270,1120,1.66338,106.062,0.0244848,33,-197,1.66336,-106.062,0.0261743,0.00998209,-0.00474199,0.0274609,0.00869559,-0.264923
279,1120,1.71729,106.042,0.0238653,42,-197,1.71729,-106.042,0.0274544,0.0102091,-0.00503193,0.0288153,0.00884827,-0.264126
198,1129,0.251959,106.145,0.0258213,-39,-206,0.251953,-106.145,0.0163576,0.00592455,-0.00356562,0.0174598,0.00482239,-0.29979
207,1129,0.233492,106.133,0.020726,-30,-206,0.23349,-106.133,0.017576,0.00625049,-0.00378623,0.0187252,0.00510133,-0.294676
216,1129,0.376395,106.165,0.0229435,-21,-206,0.376389,-106.165,0.0187706,0.00655735,-0.00400624,0.0199674,0.00536049,-0.290309
225,1129,0.449762,106.189,0.0259074,-12,-206,0.449768,-106.189,0.019941,0.00684553,-0.0042249,0.0211857,0.0056008,-0.286513
234,1129,1.07971,106.139,0.0259011,-3,-206,1.07971,-106.139,0.0210871,0.00711556,-0.00444141,0.0223794,0.00582322,-0.283157
243,1129,1.28678,106.104,0.0244029,6,-206,1.28677,-106.104,0.0222083,0.00736809,-0.00465494,0.0235476,0.00602883,-0.28014
252,1129,1.43786,106.126,0.0236966,15,-206,1.43787,-106.125,0.0233039,0.00760382,-0.0048645,0.024689,0.0062188,-0.277381
261,1129,1.50405,106.113,0.0250524,24,-206,1.50406,-106.113,0.0243728,0.00782358,-0.00506898,0.025802,0.00639439,-0.274814
270,1129,1.77042,106.116,0.0250713,33,-206,1.77042,-106.116,0.0254135,0.00802822,-0.00526709,0.0268847,0.00655699,-0.272383
279,1129,1.79664,106.095,0.0226966,42,-206,1.79663,-106.095,0.0264239,0.00821865,-0.00545733,0.0279344,0.00670806,-0.270039
198,1138,0.270392,106.137,0.0249169,-39,-215,0.270386,-106.137,0.0173995,0.00415269,-0.00489798,0.0190138,0.00253839,-0.318373
207,1138,0.288722,106.165,0.0232094,-30,-215,0.288727,-106.165,0.0184106,0.00445547,-0.00502541,0.020032,0.00283414,-0.312085
216,1138,0.516426,106.234,0.0255121,-21,-215,0.516434,-106.234,0.0193883,0.00473457,-0.00514827,0.0210162,0.00310668,-0.306253
225,1138,0.650641,106.277,0.0273058,-12,-215,0.650635,-106.277,0.0203328,0.00499051,-0.00526627,0.0219665,0.00335681,-0.300805
234,1138,1.47316,106.235,0.0254976,-3,-215,1.47316,-106.235,0.0212447,0.00522393,-0.00537916,0.0228832,0.0035854,-0.295678
243,1138,1.575,106.185,0.0227228,6,-215,1.575,-106.185,0.0221242,0.00543561,-0.00548661,0.0237664,0.0037934,-0.290825
252,1138,1.63936,106.173,0.022564,15,-215,1.63936,-106.173,0.0229712,0.00562638,-0.00558824,0.0246158,0.00398186,-0.286203
261,1138,1.65217,106.149,0.0246747,24,-215,1.65216,-106.149,0.0237857,0.00579715,-0.0056835,0.0254309,0.00415192,-0.281774
270,1138,1.82767,106.157,0.0260029,33,-215,1.82767,-106.157,0.0245669,0.00594888,-0.00577171,0.026211,0.00430479,-0.277503
279,1138,1.87522,106.107,0.02407,42,-215,1.87521,-106.107,0.0253137,0.00608255,-0.00585194,0.0269544,0.00444182,-0.273356
198,1147,0.333439,106.076,0.0307841,-39,-224,0.333435,-106.076,0.0183866,0.00255938,-0.00624871,0.0205563,0.00038976,-0.334188
207,1147,0.34859,106.198,0.0277907,-30,-224,0.348587,-106.198,0.0191811,0.00282435,-0.00627217,0.0213093,0.000696127,-0.327122
216,1147,0.648393,106.339,0.0282092,-21,-224,0.648392,-106.339,0.0199334,0.00306082,-0.00628716,0.0220185,0.000975733,-0.320227
225,1147,0.853547,106.359,0.0290978,-12,-224,0.853546,-106.359,0.0206448,0.00326955,-0.00629388,0.0226851,0.00122929,-0.313478
234,1147,1.49755,106.242,0.0266078,-3,-224,1.49754,-106.242,0.0213166,0.00345145,-0.00629258,0.0233105,0.00145757,-0.306854
243,1147,1.52704,106.169,0.0239328,6,-224,1.52704,-106.169,0.02195,0.00360752,-0.00628355,0.0238961,0.00166145,-0.30034
252,1147,1.57912,106.172,0.0240773,15,-224,1.57912,-106.172,0.022546,0.00373884,-0.00626698,0.024443,0.00184188,-0.293924
261,1147,1.69593,106.163,0.0263112,24,-224,1.69592,-106.163,0.0231054,0.00384654,-0.00624297,0.0249521,0.00199988,-0.287597
270,1147,1.88637,106.181,0.0286278,33,-224,1.88635,-106.181,0.0236286,0.00393176,-0.00621146,0.0254238,0.00213657,-0.281346
279,1147,1.98805,106.095,0.0270826,42,-224,1.98804,-106.095,0.0241154,0.00399567,-0.00617217,0.0258579,0.00225314,-0.275159
198,1156,0.366093,106.12,0.0353545,-39,-233,0.366089,-106.12,0.0191453,0.00123624,-0.00740453,0.0218102,-0.00142864,-0.345466
207,1156,0.402106,106.188,0.0349471,-30,-233,0.4021,-106.188,0.019734,0.0014532,-0.00732948,0.0223098,-0.00112255,-0.337942
216,1156,0.753987,106.394,0.0324299,-21,-233,0.753983,-106.394,0.0202726,0.00163686,-0.00724199,0.022756,-0.000846504,-0.330346
225,1156,1.09622,106.387,0.0306073,-12,-233,1.09622,-106.387,0.0207632,0.00178818,-0.00714261,0.0231513,-0.000599898,-0.322659
234,1156,1.43824,106.246,0.0278131,-3,-233,1.43825,-106.246,0.0212079,0.0019083,-0.00703197,0.0234983,-0.000382054,-0.31487
243,1156,1.45188,106.182,0.0264767,6,-233,1.45187,-106.182,0.0216089,0.00199844,-0.00691078,0.0237996,-0.000192218,-0.306972
252,1156,1.47052,106.237,0.0254737,15,-233,1.47052,-106.237,0.0219683,0.00205996,-0.00677976,0.0240579,-2.9562e-05,-0.298963
261,1156,1.77928,106.166,0.033783,24,-233,1.77927,-106.166,0.022288,0.00209426,-0.00663955,0.0242755,0.000106828,-0.290844
270,1156,1.90854,106.106,0.0348723,33,-233,1.90854,-106.106,0.0225695,0.00210279,-0.00649069,0.0244544,0.000217953,-0.282618
279,1156,2.07747,106.009,0.0325504,42,-233,2.07745,-106.009,0.0228141,0.00208701,-0.00633354,0.0245962,0.000304905,-0.274284

